code;room;building;kind;capacity;hours_before;rate_before;hours_after;rate_after;fill_before;fill_after
36279;Amphi A_A150 (DEG-00);DEG;amphi;150;930.4;67.42;705.7;51.14;58.0;70.1
36276;Amphi A_A300 (DEG-00);DEG;amphi;300;767.2;55.59;385.5;27.93;40.7;57.8
36274;Amphi A_A400 (DEG-00);DEG;amphi;400;795.4;57.64;397.6;28.81;36.9;51.7
36275;Amphi A_A600 (DEG-00);DEG;amphi;600;657.2;47.63;292.8;21.22;39.3;54.6
36290;Amphi C_A120 (DEG-00);DEG;amphi;120;1286.7;93.24;990.4;71.77;54.6;60.5
36289;Salle de cours B_B1 (DEG-00);DEG;grande_salle;100;704.4;51.04;400.4;29.02;43.8;60.8
36271;Salle de cours B_B2 (DEG-00);DEG;grande_salle;76;612.3;44.37;352.8;25.57;44.2;58.0
36420;Salle de cours B_B206 (DEG-02);DEG;salle_cours;25;639.0;46.3;700.0;50.72;94.0;91.9
36421;Salle de cours B_B207 (DEG-02);DEG;salle_cours;25;414.6;30.04;541.8;39.26;87.8;80.9
36422;Salle de cours B_B208 (DEG-02);DEG;salle_cours;25;534.5;38.73;580.5;42.07;82.5;81.8
36425;Salle de cours B_B211 (DEG-02);DEG;salle_cours;30;599.0;43.41;627.0;45.43;104.7;104.0
36427;Salle de cours B_B213 (DEG-02);DEG;salle_cours;45;716.8;51.94;729.2;52.84;50.8;53.0
36272;Salle de cours B_B3 (DEG-00);DEG;salle_cours;40;679.6;49.25;676.8;49.05;71.6;74.5
36268;Salle de cours B_B4 (DEG-00);DEG;salle_cours;40;725.6;52.58;717.7;52.0;75.9;78.7
36269;Salle de cours B_B5 (DEG-00);DEG;salle_cours;36;612.2;44.36;637.4;46.19;68.2;69.8
36270;Salle de cours B_B6 (DEG-00);DEG;salle_cours;34;541.2;39.21;587.2;42.55;75.8;77.7
36273;Salle de cours B_B7 (DEG-00);DEG;salle_cours;34;583.2;42.26;605.7;43.89;111.4;110.3
36277;Salle de cours B_B8 (DEG-00);DEG;salle_cours;28;667.2;48.35;699.2;50.67;69.2;71.5
36291;Salle de cours C_C01 (DEG-00);DEG;grande_salle;79;398.8;28.9;329.6;23.88;40.4;57.7
36287;Salle de cours C_C03 (DEG-00);DEG;grande_salle;50;689.8;49.99;568.1;41.17;56.7;62.4
36292;Salle de cours C_C04 (DEG-00);DEG;grande_salle;50;638.1;46.24;522.2;37.84;49.0;54.6
36553;Salle de cours C_C11 (DEG-01);DEG;salle_cours;40;558.3;40.46;544.1;39.43;58.4;63.2
36554;Salle de cours C_C12 (DEG-01);DEG;salle_cours;34;575.4;41.7;581.9;42.17;55.2;55.9
36555;Salle de cours C_C13 (DEG-01);DEG;salle_cours;40;464.6;33.67;462.1;33.48;58.9;66.4
36556;Salle de cours C_C14 (DEG-01);DEG;salle_cours;40;708.8;51.36;697.8;50.57;57.0;59.9
36557;Salle de cours C_C15 (DEG-01);DEG;salle_cours;40;644.7;46.71;613.9;44.49;64.1;67.7
36558;Salle de cours C_C16 (DEG-01);DEG;salle_cours;38;638.9;46.3;647.5;46.92;54.6;56.4
36559;Salle de cours C_C17 (DEG-01);DEG;salle_cours;40;622.3;45.1;627.6;45.48;72.5;74.0
36560;Salle de cours C_C18 (DEG-01);DEG;grande_salle;50;692.0;50.14;581.2;42.12;59.5;65.2
36561;Salle de cours C_C19 (DEG-01);DEG;grande_salle;52;582.5;42.21;585.0;42.39;39.1;41.5
36288;Salle de cours/informatique C_C02 (DEG-00);DEG;salle_cours;30;325.0;23.55;459.6;33.3;76.7;75.4
17228;Amphi G (DUB-00);DUB;amphi;140;605.0;43.84;650.5;47.14;34.7;37.6
17229;Amphi H (DUB-00);DUB;amphi;140;522.6;37.87;564.8;40.92;35.6;40.9
17232;Salle 20 (DUB-00);DUB;autre;48;727.0;52.68;733.0;53.12;79.6;79.8
17234;Salle 21 (DUB-00);DUB;autre;48;573.3;41.55;578.3;41.91;73.1;73.2
17233;Salle 22 (DUB-00);DUB;autre;48;592.0;42.9;592.0;42.9;79.0;79.0
17231;Salle 23 (DUB-00);DUB;autre;48;599.2;43.42;599.2;43.42;62.7;62.7
17227;Salle 24 (DUB-00);DUB;autre;46;524.5;38.01;530.5;38.44;60.2;60.8
17240;Salle 25 (DUB-00);DUB;autre;42;509.0;36.88;526.5;38.15;70.3;70.3
17239;Salle 25bis (DUB-00);DUB;autre;42;501.6;36.35;522.1;37.83;63.4;65.7
17235;Salle 27 (DUB-00);DUB;autre;30;447.8;32.45;493.1;35.73;60.7;64.2
17164;Salle 34 (DUB-01);DUB;autre;32;499.0;36.16;531.5;38.51;47.9;52.1
17160;Salle 35 (DUB-01);DUB;autre;40;425.7;30.85;485.2;35.16;54.2;58.9
27353;Amphi 1 (LET-00);LET;amphi;150;0.0;0.0;149.5;10.83;;69.9
27354;Amphi 2 (LET-00);LET;amphi;140;0.0;0.0;213.7;15.48;;75.1
27502;Amphi 3 (LET-02);LET;amphi;300;0.0;0.0;316.5;22.93;;72.8
27320;Salle de cours 10 (LET-00);LET;grande_salle;60;422.3;30.6;414.1;30.01;47.8;67.4
27328;Salle de cours 101 (LET-00);LET;salle_cours;32;607.1;43.99;631.1;45.73;54.4;59.1
27306;Salle de cours 105 (LET-00);LET;salle_cours;48;803.1;58.19;767.6;55.62;45.5;48.5
27308;Salle de cours 107 (LET-00);LET;grande_salle;68;770.7;55.85;692.8;50.21;28.6;39.4
27288;Salle de cours 108 (LET-00);LET;salle_cours;30;603.6;43.74;628.6;45.55;62.2;65.4
27289;Salle de cours 109 (LET-00);LET;salle_cours;40;734.7;53.24;740.0;53.62;47.0;50.3
27324;Salle de cours 11 (LET-00);LET;grande_salle;80;750.9;54.41;653.6;47.36;60.0;65.4
79980;Salle de cours 110 (LET-00);LET;salle_cours;48;412.6;29.9;320.6;23.23;42.7;55.4
27303;Salle de cours 113 (LET-00);LET;salle_cours;32;551.2;39.95;603.8;43.75;38.5;49.3
27309;Salle de cours 114 (LET-00);LET;salle_cours;48;717.8;52.01;711.2;51.54;41.7;41.8
27321;Salle de cours 12 (LET-00);LET;grande_salle;60;638.2;46.25;590.2;42.77;39.9;49.9
27333;Salle de cours 120 (LET-00);LET;grande_salle;62;678.8;49.18;578.8;41.94;46.1;51.7
27332;Salle de cours 121 (LET-00);LET;grande_salle;70;724.2;52.48;681.7;49.4;65.2;67.5
27337;Salle de cours 124 (LET-00);LET;salle_cours;46;773.7;56.06;753.2;54.58;55.5;57.2
27322;Salle de cours 13 (LET-00);LET;grande_salle;70;698.7;50.63;594.2;43.06;51.6;60.0
27338;Salle de cours 133 (LET-00);LET;salle_cours;44;750.8;54.41;760.3;55.1;61.4;64.0
27341;Salle de cours 134 (LET-00);LET;salle_cours;48;737.3;53.43;756.8;54.84;49.0;52.0
27336;Salle de cours 135 (LET-00);LET;salle_cours;48;417.6;30.26;374.1;27.11;35.1;46.7
27323;Salle de cours 14 (LET-00);LET;grande_salle;98;614.3;44.52;486.3;35.24;51.4;65.3
27252;Salle de cours 20 (LET-01);LET;salle_cours;45;636.8;46.14;606.2;43.93;44.2;50.6
27270;Salle de cours 203 (LET-01);LET;salle_cours;18;420.2;30.45;764.6;55.4;77.6;69.4
27267;Salle de cours 204 (LET-01);LET;salle_cours;20;582.0;42.17;778.0;56.38;65.8;65.2
27247;Salle de cours 21 (LET-01);LET;salle_cours;28;702.1;50.88;723.2;52.41;69.9;71.5
27261;Salle de cours 212 (LET-01);LET;salle_cours;44;668.2;48.42;668.7;48.45;45.5;50.1
27257;Salle de cours 217 (LET-01);LET;salle_cours;24;693.6;50.26;762.6;55.26;49.2;50.0
27244;Salle de cours 22 (LET-01);LET;salle_cours;32;628.2;45.52;651.7;47.22;71.0;72.8
27254;Salle de cours 220 (LET-01);LET;grande_salle;60;667.2;48.35;644.9;46.73;41.3;52.0
27284;Salle de cours 223 (LET-01);LET;salle_cours;40;730.7;52.95;757.7;54.9;41.7;46.7
27285;Salle de cours 229 (LET-01);LET;salle_cours;40;687.9;49.85;713.8;51.72;59.4;63.1
27248;Salle de cours 23 (LET-01);LET;grande_salle;80;709.7;51.43;616.0;44.64;45.1;54.6
69318;Salle de cours 234 (LET-01);LET;salle_cours;45;687.2;49.8;669.2;48.5;73.9;81.1
69319;Salle de cours 234bis (LET-01);LET;salle_cours;20;600.6;43.52;740.1;53.63;68.8;66.4
27513;Salle de cours 30 (LET-02);LET;grande_salle;60;680.4;49.31;673.9;48.83;58.7;59.7
27528;Salle de cours 301 (LET-02);LET;grande_salle;70;643.5;46.63;585.5;42.43;44.5;49.0
79642;Salle de cours 307 (LET-02);LET;salle_cours;48;696.1;50.44;696.1;50.44;70.4;71.1
27515;Salle de cours 31 (LET-02);LET;grande_salle;60;615.6;44.61;597.1;43.27;58.6;63.1
27514;Salle de cours 32 (LET-02);LET;grande_salle;80;644.4;46.7;500.8;36.29;48.5;58.3
27296;Salle de cours IEFE 127 (LET-00);LET;salle_cours;26;396.0;28.7;632.6;45.84;27.1;49.4
27298;Salle de cours IEFE 128 (LET-00);LET;salle_cours;26;470.5;34.09;623.0;45.14;44.2;58.6
27295;Salle de cours IEFE 131 (LET-00);LET;salle_cours;35;578.5;41.92;601.8;43.61;30.6;38.2
27339;Salle de cours IEFE 132 (LET-00);LET;salle_cours;30;571.5;41.41;633.0;45.87;22.6;37.1
13842;Amphi E (PAL-00);PAL;amphi;75;621.8;45.05;647.2;46.9;50.8;53.3
13841;Amphi F (PAL-00);PAL;amphi;75;503.8;36.51;539.8;39.12;56.1;58.8
13836;Salle 1 (PAL-00);PAL;autre;46;705.6;51.13;714.1;51.75;48.7;49.3
13879;Salle 10 (PAL-01);PAL;autre;46;724.5;52.5;724.5;52.5;50.8;50.8
13880;Salle 11 (PAL-01);PAL;autre;46;623.6;45.19;623.6;45.19;51.3;51.3
13881;Salle 12 (PAL-01);PAL;autre;46;620.2;44.94;624.7;45.27;64.4;64.7
13882;Salle 13 (PAL-01);PAL;autre;46;489.8;35.5;489.8;35.5;64.1;64.1
13886;Salle 14 (PAL-01);PAL;autre;23;427.3;30.97;621.3;45.02;125.5;101.7
13885;Salle 15 (PAL-01);PAL;autre;24;334.6;24.25;708.8;51.36;39.5;58.5
13883;Salle 16 (PAL-01);PAL;autre;40;429.8;31.15;508.3;36.84;68.1;72.0
13878;Salle 17 (PAL-01);PAL;autre;46;447.3;32.42;478.8;34.7;73.9;76.8
13877;Salle 18 (PAL-01);PAL;autre;46;463.9;33.62;483.9;35.07;49.6;55.5
13876;Salle 19 (PAL-01);PAL;autre;46;428.4;31.04;475.4;34.45;53.8;56.5
13837;Salle 2 (PAL-00);PAL;autre;46;562.1;40.73;565.1;40.95;73.7;74.5
13838;Salle 3 (PAL-00);PAL;autre;46;619.4;44.89;628.4;45.54;57.0;57.6
13840;Salle 4 (PAL-00);PAL;autre;46;648.8;47.02;648.8;47.02;61.7;61.9
13835;Salle 5 (PAL-00);PAL;autre;46;612.9;44.41;614.4;44.52;56.6;57.0
13833;Salle 6 (PAL-00);PAL;autre;46;696.7;50.48;706.2;51.17;54.3;55.3
13839;Salle 7 (PAL-00);PAL;autre;46;754.7;54.69;757.7;54.9;54.5;55.0
13834;Salle 8 (PAL-00);PAL;autre;46;777.8;56.36;779.3;56.47;54.0;54.1
85316;Amphi A (SCI_R-00);SCI_R;amphi;216;522.1;37.83;549.1;39.79;58.2;60.6
85297;Amphi B (SCI_R-00);SCI_R;amphi;220;489.0;35.43;532.5;38.59;51.8;55.7
84869;Amphi C (SCI_R-00);SCI_R;amphi;192;534.0;38.7;546.0;39.57;54.7;55.8
84870;Amphi D (SCI_R-00);SCI_R;amphi;192;549.0;39.78;553.5;40.11;47.1;47.5
24832;AMPHI STID (STI-00);STI;amphi;165;286.9;20.79;289.5;20.98;16.6;17.6
