perimetre;classement;rang;salle;batiment;capacite;heures;taux
annee;plus occupees;1;Salle de cours 107 (LET-00);LET;68;770.67;55.85
annee;plus occupees;2;Salle de cours 11 (LET-00);LET;80;750.92;54.41
annee;plus occupees;3;Salle de cours 121 (LET-00);LET;70;724.17;52.48
annee;plus occupees;4;Amphi A_A400 (DEG-00);DEG;400;716.25;51.9
annee;plus occupees;5;Salle de cours 23 (LET-01);LET;80;709.67;51.43
annee;moins occupees;1;Salle de cours C_C01 (DEG-00);DEG;79;398.83;28.9
annee;moins occupees;2;Salle de cours 10 (LET-00);LET;60;422.33;30.6
annee;moins occupees;3;Amphi C_A120 (DEG-00);DEG;120;529.17;38.35
annee;moins occupees;4;Amphi A_A600 (DEG-00);DEG;600;546.0;39.57
annee;moins occupees;5;Amphi 2 (LET-00);LET;140;558.75;40.49
