ROLE;LOCAL;DATE;HDEBUT;HFIN;LIBELLE_MAT;NOM_DIP;HEURES_08_18
local d'accueil;Salle de cours C_C01 (DEG-00);2025-09-09;08:00;18:30;Tutorat santé - UE;;10.0
local d'accueil;Salle de cours B_B2 (DEG-00);2025-09-16;09:00;17:00;Restitution visite Cap Ecol;;8.0
local d'accueil;Salle de cours C_C04 (DEG-00);2025-09-25;08:30;16:30;Grand oral M2 Conso;;8.0
local d'accueil;Amphi A_A150 (DEG-00);2025-10-23;08:00;18:00;XXX-Colloque PYpa Juan Valera;;10.0
local d'accueil;Amphi A_A150 (DEG-00);2025-10-24;08:00;18:00;XXX-Colloque PYpa Juan Valera;;10.0
local d'accueil;Amphi A (SCI_R-00);2025-11-14;08:00;19:35;XXX-Réservation de salle;;10.0
local d'accueil;Amphi C (SCI_R-00);2025-11-19;08:00;18:00;Journées du réseau Figure;;10.0
local d'accueil;Amphi A_A150 (DEG-00);2025-11-20;08:30;19:00;XXX-Colloque Sport_ITEM & MEPS;;9.5
local d'accueil;Amphi C (SCI_R-00);2025-11-21;08:00;18:00;Journées du réseau Figure;;10.0
local d'accueil;Amphi A_A150 (DEG-00);2025-11-21;08:30;19:00;XXX-Colloque Sport_ITEM & MEPS;;9.5
local d'accueil;Amphi C_A120 (DEG-00);2025-11-26;08:00;18:00;xxx-Sensibilisat° violences;;10.0
local d'accueil;Amphi A (SCI_R-00);2025-11-27;08:00;19:00;XXX-Réservation de salle;;10.0
local d'accueil;Salle de cours 14 (LET-00);2025-11-27;09:00;18:00;CAPES blanc;M2 MEEF LV Anglais;9.0
local d'accueil;Amphi C_A120 (DEG-00);2025-11-28;08:00;18:00;"xxx-IFTJ ""Tiers & Procès""";M2 Procédures contentieux;10.0
local d'accueil;AMPHI STID (STI-00);2025-12-04;08:00;18:00;Réservation de salles;;10.0
local d'accueil;Amphi C (SCI_R-00);2025-12-05;08:00;20:00;XXX-Réservation de salles;;10.0
local d'accueil;Amphi D (SCI_R-00);2025-12-05;08:00;20:00;XXX-Réservation de salles;;10.0
local d'accueil;Amphi F (PAL-00);2025-12-12;08:30;17:00;XXX-Réservation de salles;;8.5
local d'accueil;Salle de cours 30 (LET-02);2025-12-17;08:00;18:00;CC oral prépa concours S5;;10.0
local d'accueil;Salle de cours 14 (LET-00);2026-01-05;07:00;18:05;Réservation de salles;;10.0
local d'accueil;Salle de cours 11 (LET-00);2026-01-05;07:00;18:05;Réservation de salles;;10.0
local d'accueil;Salle de cours B_B2 (DEG-00);2026-01-05;07:00;20:00;Réservation de salles;;10.0
local d'accueil;Amphi A_A400 (DEG-00);2026-01-05;07:00;20:05;Réservation de salles;;10.0
local d'accueil;Amphi A_A600 (DEG-00);2026-01-05;07:00;20:00;Réservation de salles;;10.0
local d'accueil;Amphi A_A300 (DEG-00);2026-01-05;07:00;20:00;Réservation de salles;;10.0
local d'accueil;Salle de cours 10 (LET-00);2026-01-05;07:25;18:05;Réservation de salles;;10.0
local d'accueil;Salle de cours 107 (LET-00);2026-01-05;07:30;20:00;Réservation de salles;;10.0
local d'accueil;Salle de cours 13 (LET-00);2026-01-05;07:30;20:00;Réservation de salles;;10.0
local d'accueil;Salle de cours 120 (LET-00);2026-01-05;07:30;20:00;Réservation de salles;;10.0
amphi LET supprimé;Amphi 1 (LET-00);2026-01-05;07:30;20:00;Réservation de salles;;10.0
amphi LET supprimé;Amphi 2 (LET-00);2026-01-05;07:30;20:00;Réservation de salles;;10.0
amphi LET supprimé;Amphi 3 (LET-02);2026-01-05;07:30;20:00;Réservation de salles;;10.0
local d'accueil;Salle de cours 12 (LET-00);2026-01-05;07:40;19:05;Réservation de salles;;10.0
local d'accueil;Salle de cours 121 (LET-00);2026-01-05;08:00;19:25;Réservation de salles;;10.0
local d'accueil;Amphi A_A150 (DEG-00);2026-01-05;11:55;20:00;Réservation de salles;;6.08
local d'accueil;Salle de cours 14 (LET-00);2026-01-06;07:00;18:05;Réservation de salles;;10.0
local d'accueil;Salle de cours 11 (LET-00);2026-01-06;07:00;18:05;Réservation de salles;;10.0
local d'accueil;Salle de cours B_B2 (DEG-00);2026-01-06;07:00;20:05;Réservation de salles;;10.0
local d'accueil;Amphi A_A400 (DEG-00);2026-01-06;07:00;20:00;Réservation de salles;;10.0
local d'accueil;Amphi A_A600 (DEG-00);2026-01-06;07:00;20:00;Réservation de salles;;10.0
local d'accueil;Amphi A_A300 (DEG-00);2026-01-06;07:00;20:00;Réservation de salles;;10.0
local d'accueil;Salle de cours 107 (LET-00);2026-01-06;07:30;20:00;Réservation de salles;;10.0
local d'accueil;Salle de cours 120 (LET-00);2026-01-06;07:30;20:00;Réservation de salles;;10.0
amphi LET supprimé;Amphi 1 (LET-00);2026-01-06;07:30;18:55;Réservation de salles;;10.0
amphi LET supprimé;Amphi 2 (LET-00);2026-01-06;07:30;20:00;Réservation de salles;;10.0
amphi LET supprimé;Amphi 3 (LET-02);2026-01-06;07:30;20:00;Réservation de salles;;10.0
local d'accueil;Salle de cours 121 (LET-00);2026-01-06;07:55;18:55;Réservation de salles;;10.0
local d'accueil;Salle de cours 23 (LET-01);2026-01-06;08:00;18:00;Réservation de salles;;10.0
local d'accueil;Salle de cours 12 (LET-00);2026-01-06;08:00;22:00;Réservation de salles;;10.0
local d'accueil;Salle de cours 32 (LET-02);2026-01-06;08:00;18:10;Réservation de salles;;10.0
local d'accueil;Salle de cours 31 (LET-02);2026-01-06;08:00;18:05;Réservation de salles;;10.0
local d'accueil;Salle de cours 13 (LET-00);2026-01-07;07:00;18:00;Réservation de salles;;10.0
local d'accueil;Salle de cours 14 (LET-00);2026-01-07;07:00;18:05;Réservation de salles;;10.0
local d'accueil;Salle de cours 11 (LET-00);2026-01-07;07:00;18:05;Réservation de salles;;10.0
local d'accueil;Salle de cours B_B2 (DEG-00);2026-01-07;07:00;20:05;Réservation de salles;;10.0
local d'accueil;Amphi A_A400 (DEG-00);2026-01-07;07:00;20:00;Réservation de salles;;10.0
local d'accueil;Amphi A_A600 (DEG-00);2026-01-07;07:00;20:00;Réservation de salles;;10.0
local d'accueil;Salle de cours 107 (LET-00);2026-01-07;07:30;20:00;Réservation de salles;;10.0
local d'accueil;Salle de cours 120 (LET-00);2026-01-07;07:30;20:00;Réservation de salles;;10.0
amphi LET supprimé;Amphi 1 (LET-00);2026-01-07;07:30;18:55;Réservation de salles;;10.0
amphi LET supprimé;Amphi 2 (LET-00);2026-01-07;07:30;20:00;Réservation de salles;;10.0
amphi LET supprimé;Amphi 3 (LET-02);2026-01-07;07:30;20:00;Réservation de salles;;10.0
local d'accueil;Salle de cours 30 (LET-02);2026-01-07;07:55;18:05;Réservation de salles;;10.0
local d'accueil;Salle de cours 23 (LET-01);2026-01-07;08:00;18:05;Réservation de salles;;10.0
local d'accueil;Salle de cours 220 (LET-01);2026-01-07;08:00;18:05;Réservation de salles;;10.0
local d'accueil;Salle de cours 12 (LET-00);2026-01-07;08:00;22:00;Réservation de salles;;10.0
local d'accueil;Salle de cours 121 (LET-00);2026-01-07;08:15;19:40;Réservation de salles;;9.75
local d'accueil;Amphi A_A300 (DEG-00);2026-01-07;11:55;20:00;Réservation de salles;;6.08
local d'accueil;Salle de cours 14 (LET-00);2026-01-08;07:00;18:05;Réservation de salles;;10.0
local d'accueil;Salle de cours 11 (LET-00);2026-01-08;07:00;18:05;Réservation de salles;;10.0
local d'accueil;Salle de cours B_B2 (DEG-00);2026-01-08;07:00;20:00;Réservation de salles;;10.0
local d'accueil;Amphi A_A400 (DEG-00);2026-01-08;07:00;16:10;Réservation de salles;;8.17
local d'accueil;Amphi A_A600 (DEG-00);2026-01-08;07:00;20:00;Réservation de salles;;10.0
local d'accueil;Salle de cours 107 (LET-00);2026-01-08;07:30;20:00;Réservation de salles;;10.0
amphi LET supprimé;Amphi 1 (LET-00);2026-01-08;07:30;20:00;Réservation de salles;;10.0
amphi LET supprimé;Amphi 2 (LET-00);2026-01-08;07:30;20:00;Réservation de salles;;10.0
amphi LET supprimé;Amphi 3 (LET-02);2026-01-08;07:30;20:00;Réservation de salles;;10.0
local d'accueil;Salle de cours 121 (LET-00);2026-01-08;08:00;20:00;Réservation de salles;;10.0
local d'accueil;Salle de cours 13 (LET-00);2026-01-09;07:00;18:00;Réservation de salles;;10.0
local d'accueil;Salle de cours 14 (LET-00);2026-01-09;07:00;18:05;Réservation de salles;;10.0
local d'accueil;Salle de cours 11 (LET-00);2026-01-09;07:00;18:05;Réservation de salles;;10.0
local d'accueil;Salle de cours B_B2 (DEG-00);2026-01-09;07:00;20:05;Réservation de salles;;10.0
local d'accueil;Amphi A_A300 (DEG-00);2026-01-09;07:00;20:00;Réservation de salles;;10.0
local d'accueil;Salle de cours B_B1 (DEG-00);2026-01-09;07:00;20:00;Réservation de salles;;10.0
local d'accueil;Salle de cours 107 (LET-00);2026-01-09;07:30;20:00;Réservation de salles;;10.0
amphi LET supprimé;Amphi 1 (LET-00);2026-01-09;07:30;18:55;Réservation de salles;;10.0
amphi LET supprimé;Amphi 2 (LET-00);2026-01-09;07:30;20:00;Réservation de salles;;10.0
amphi LET supprimé;Amphi 3 (LET-02);2026-01-09;07:30;20:00;Réservation de salles;;10.0
local d'accueil;Salle de cours 23 (LET-01);2026-01-09;07:55;18:00;Réservation de salles;;10.0
local d'accueil;Salle de cours 12 (LET-00);2026-01-09;08:00;22:00;Réservation de salles;;10.0
local d'accueil;Salle de cours 121 (LET-00);2026-01-09;08:00;20:00;Réservation de salles;;10.0
local d'accueil;Amphi A_A400 (DEG-00);2026-01-09;11:55;20:00;Réservation de salles;;6.08
local d'accueil;Salle de cours 13 (LET-00);2026-01-12;07:00;18:00;Réservation de salles;;10.0
local d'accueil;Salle de cours 14 (LET-00);2026-01-12;07:00;18:05;Réservation de salles;;10.0
local d'accueil;Salle de cours 11 (LET-00);2026-01-12;07:00;18:05;Réservation de salles;;10.0
local d'accueil;Salle de cours B_B2 (DEG-00);2026-01-12;07:00;20:00;Réservation de salles;;10.0
local d'accueil;Salle de cours 107 (LET-00);2026-01-12;07:30;20:00;Réservation de salles;;10.0
amphi LET supprimé;Amphi 1 (LET-00);2026-01-12;07:30;19:30;Réservation de salles;;10.0
amphi LET supprimé;Amphi 2 (LET-00);2026-01-12;07:30;20:00;Réservation de salles;;10.0
amphi LET supprimé;Amphi 3 (LET-02);2026-01-12;07:30;20:00;Réservation de salles;;10.0
local d'accueil;Salle de cours 12 (LET-00);2026-01-12;07:40;19:05;Réservation de salles;;10.0
local d'accueil;Salle de cours 30 (LET-02);2026-01-12;07:55;18:00;Réservation de salles;;10.0
local d'accueil;Salle de cours 23 (LET-01);2026-01-12;08:00;18:00;Réservation de salles;;10.0
local d'accueil;Salle de cours 10 (LET-00);2026-01-12;08:00;18:00;Restitution visite Cap Ecol;;10.0
local d'accueil;Salle de cours 121 (LET-00);2026-01-12;08:00;19:25;Réservation de salles;;10.0
local d'accueil;Salle de cours C_C04 (DEG-00);2026-01-12;08:00;18:00;Restitution visite Cap Ecol;;10.0
local d'accueil;Salle de cours B_B1 (DEG-00);2026-01-12;12:00;20:00;Réservation de salles;;6.0
local d'accueil;Salle de cours 13 (LET-00);2026-01-13;07:00;18:00;Réservation de salles;;10.0
local d'accueil;Salle de cours 14 (LET-00);2026-01-13;07:00;18:05;Réservation de salles;;10.0
local d'accueil;Salle de cours 11 (LET-00);2026-01-13;07:00;18:05;Réservation de salles;;10.0
local d'accueil;Salle de cours 120 (LET-00);2026-01-13;07:00;22:00;Réservation de salles;;10.0
local d'accueil;Salle de cours 107 (LET-00);2026-01-13;07:30;20:00;Réservation de salles;;10.0
amphi LET supprimé;Amphi 1 (LET-00);2026-01-13;07:30;19:30;Réservation de salles;;10.0
amphi LET supprimé;Amphi 2 (LET-00);2026-01-13;07:30;20:00;Réservation de salles;;10.0
amphi LET supprimé;Amphi 3 (LET-02);2026-01-13;07:30;18:55;Réservation de salles;;10.0
local d'accueil;Salle de cours 23 (LET-01);2026-01-13;08:00;18:00;Réservation de salles;;10.0
local d'accueil;Salle de cours 10 (LET-00);2026-01-13;08:00;18:00;Restitution visite Cap Ecol;;10.0
local d'accueil;Salle de cours 12 (LET-00);2026-01-13;08:00;22:00;Réservation de salles;;10.0
local d'accueil;Salle de cours C_C04 (DEG-00);2026-01-13;08:00;18:00;Restitution visite Cap Ecol;;10.0
local d'accueil;Salle de cours C_C01 (DEG-00);2026-01-13;12:00;22:00;Tutorat santé - UE;;6.0
local d'accueil;Salle de cours 14 (LET-00);2026-01-14;07:00;18:05;Réservation de salles;;10.0
local d'accueil;Salle de cours 11 (LET-00);2026-01-14;07:00;18:05;Réservation de salles;;10.0
local d'accueil;Salle de cours 107 (LET-00);2026-01-14;07:30;20:00;Réservation de salles;;10.0
amphi LET supprimé;Amphi 1 (LET-00);2026-01-14;07:30;19:30;Réservation de salles;;10.0
amphi LET supprimé;Amphi 2 (LET-00);2026-01-14;07:30;20:00;Réservation de salles;;10.0
amphi LET supprimé;Amphi 3 (LET-02);2026-01-14;07:30;20:00;Réservation de salles;;10.0
local d'accueil;Salle de cours 30 (LET-02);2026-01-14;07:55;18:05;Réservation de salles;;10.0
local d'accueil;Salle de cours 23 (LET-01);2026-01-14;08:00;18:05;Réservation de salles;;10.0
local d'accueil;Salle de cours 10 (LET-00);2026-01-14;08:00;18:00;Restitution visite Cap Ecol;;10.0
local d'accueil;Salle de cours 12 (LET-00);2026-01-14;08:00;22:00;Réservation de salles;;10.0
local d'accueil;Salle de cours 31 (LET-02);2026-01-14;08:00;18:00;Réservation de salles;;10.0
local d'accueil;Salle de cours C_C01 (DEG-00);2026-01-14;08:00;18:30;Tutorat santé - UE;;10.0
local d'accueil;Salle de cours C_C04 (DEG-00);2026-01-14;08:00;18:00;Restitution visite Cap Ecol;;10.0
local d'accueil;Salle de cours 121 (LET-00);2026-01-14;08:15;19:40;Réservation de salles;;9.75
local d'accueil;Salle de cours 14 (LET-00);2026-01-15;07:00;18:05;Réservation de salles;;10.0
local d'accueil;Salle de cours 11 (LET-00);2026-01-15;07:00;18:05;Réservation de salles;;10.0
local d'accueil;Salle de cours 107 (LET-00);2026-01-15;07:30;20:00;Réservation de salles;;10.0
amphi LET supprimé;Amphi 1 (LET-00);2026-01-15;07:30;19:30;Réservation de salles;;10.0
amphi LET supprimé;Amphi 2 (LET-00);2026-01-15;07:30;20:00;Réservation de salles;;10.0
amphi LET supprimé;Amphi 3 (LET-02);2026-01-15;07:30;20:00;Réservation de salles;;10.0
local d'accueil;Amphi E (PAL-00);2026-01-15;08:00;19:00;XXX-Réservation de salle;;10.0
local d'accueil;Salle de cours 10 (LET-00);2026-01-15;08:00;17:00;Restitution visite Cap Ecol;;9.0
local d'accueil;Salle de cours 12 (LET-00);2026-01-15;08:00;22:00;Réservation de salles;;10.0
local d'accueil;Salle de cours C_C01 (DEG-00);2026-01-15;08:00;18:30;Tutorat santé - UE;;10.0
local d'accueil;Salle de cours C_C04 (DEG-00);2026-01-15;08:00;18:00;Restitution visite Cap Ecol;;10.0
local d'accueil;Amphi D (SCI_R-00);2026-01-15;08:30;17:00;XXX-Réservation de salle;;8.5
local d'accueil;Amphi F (PAL-00);2026-01-15;09:00;18:00;Biogechemical cycles/Speciati°;M2 CSV - BME;9.0
local d'accueil;Salle de cours 10 (LET-00);2026-01-16;08:00;18:00;Restitution visite Cap Ecol;;10.0
local d'accueil;Salle de cours C_C04 (DEG-00);2026-01-16;08:00;18:00;Restitution visite Cap Ecol;;10.0
local d'accueil;Amphi H (DUB-00);2026-01-21;08:00;19:00;XXX-Maintenance DN;;10.0
local d'accueil;Amphi A_A600 (DEG-00);2026-01-29;08:00;18:00;XXX-Journées écoles doctorales;;10.0
local d'accueil;Amphi A_A300 (DEG-00);2026-01-29;08:00;18:00;XXX-Journées écoles doctorales;;10.0
local d'accueil;Amphi A_A150 (DEG-00);2026-01-29;08:00;18:20;Réservation de salles;;10.0
amphi LET supprimé;Amphi 3 (LET-02);2026-02-05;09:00;18:30;CAPES Blanc MEEF;M1 MEEF Histoire Géo;9.0
amphi LET supprimé;Amphi 3 (LET-02);2026-02-06;09:00;18:30;CAPES Blanc MEEF;M1 MEEF Histoire Géo;9.0
amphi LET supprimé;Amphi 1 (LET-00);2026-02-13;08:00;17:00;Réservation de salles;;9.0
amphi LET supprimé;Amphi 2 (LET-00);2026-02-13;08:00;17:00;Réservation de salles;;9.0
amphi LET supprimé;Amphi 1 (LET-00);2026-02-24;07:55;18:50;Réservation de salles;;10.0
amphi LET supprimé;Amphi 1 (LET-00);2026-02-25;08:35;19:40;Réservation de salles;;9.42
amphi LET supprimé;Amphi 1 (LET-00);2026-03-04;07:45;19:45;Réservation de salles;;10.0
amphi LET supprimé;Amphi 1 (LET-00);2026-03-10;07:50;19:45;Réservation de salles;;10.0
amphi LET supprimé;Amphi 1 (LET-00);2026-03-17;07:50;19:05;Réservation de salles;;10.0
amphi LET supprimé;Amphi 1 (LET-00);2026-03-18;07:50;19:05;Réservation de salles;;10.0
local d'accueil;Salle de cours 10 (LET-00);2026-03-19;08:00;17:00;1er secours;;9.0
local d'accueil;Salle de cours B_B2 (DEG-00);2026-03-19;08:30;16:30;XXX-Format° Doctorale;;8.0
local d'accueil;Amphi B (SCI_R-00);2026-03-19;09:00;17:00;XXX-Réservation de salle;;8.0
local d'accueil;Amphi A (SCI_R-00);2026-03-19;09:00;17:00;XXX-Réservation de salle;;8.0
local d'accueil;Amphi A (SCI_R-00);2026-03-20;12:00;20:00;XXX-Réservation de salle;;6.0
local d'accueil;Amphi H (DUB-00);2026-03-23;09:00;17:00;XXX-Réservation de salle;;8.0
local d'accueil;Amphi A (SCI_R-00);2026-03-23;09:00;17:00;XXX-Réservation de salles;;8.0
local d'accueil;Amphi C_A120 (DEG-00);2026-03-26;08:00;18:00;XXX-Réservation de salles;;10.0
local d'accueil;Amphi A (SCI_R-00);2026-03-26;08:00;19:00;XXX-Forum des transitions UPPA;;10.0
local d'accueil;Amphi A (SCI_R-00);2026-04-02;08:00;20:00;XXX-Réservation de salles;;10.0
local d'accueil;Amphi C (SCI_R-00);2026-04-02;09:00;18:30;XXX-Réservation de salles;;9.0
local d'accueil;Amphi F (PAL-00);2026-04-20;08:00;19:00;XXX-Réservation de salle;;10.0
local d'accueil;Salle de cours 11 (LET-00);2026-04-21;09:00;17:00;Réservation de salles;;8.0
