code;salle;batiment;capacite;heures_Référence;taux_Référence;taux_examens_Référence;heures_H1;taux_H1;taux_examens_H1;heures_H2;taux_H2;taux_examens_H2;heures_H3a;taux_H3a;taux_examens_H3a;heures_H3b;taux_H3b;taux_examens_H3b
36279;Amphi A_A150 (DEG-00);DEG;150;677.25;49.08;32.5;930.42;67.42;32.5;951.75;68.97;32.5;818.25;59.29;32.5;825.92;59.85;32.5
36276;Amphi A_A300 (DEG-00);DEG;300;652.5;47.28;25.17;767.17;55.59;25.17;888.25;64.37;25.17;714.0;51.74;25.17;774.83;56.15;25.17
36274;Amphi A_A400 (DEG-00);DEG;400;716.25;51.9;26.5;795.42;57.64;29.5;874.58;63.38;29.5;743.25;53.86;29.5;778.25;56.39;29.5
36275;Amphi A_A600 (DEG-00);DEG;600;546.0;39.57;17.33;657.25;47.63;20.33;782.92;56.73;20.33;616.67;44.69;20.33;653.67;47.37;20.33
36290;Amphi C_A120 (DEG-00);DEG;120;529.17;38.35;29.0;1286.67;93.24;29.0;958.17;69.43;29.0;848.83;61.51;29.0;730.33;52.92;29.0
36289;Salle de cours B_B1 (DEG-00);DEG;100;704.42;51.04;6.0;704.42;51.04;6.0;704.42;51.04;6.0;738.42;53.51;6.0;741.92;53.76;6.0
36271;Salle de cours B_B2 (DEG-00);DEG;76;612.33;44.37;2.5;612.33;44.37;2.5;612.33;44.37;2.5;669.83;48.54;2.5;661.83;47.96;2.5
36291;Salle de cours C_C01 (DEG-00);DEG;79;398.83;28.9;5.0;398.83;28.9;5.0;398.83;28.9;5.0;451.33;32.71;5.0;454.17;32.91;5.0
36287;Salle de cours C_C03 (DEG-00);DEG;50;689.83;49.99;37.5;689.83;49.99;37.5;689.83;49.99;37.5;793.0;57.46;37.5;783.42;56.77;37.5
36292;Salle de cours C_C04 (DEG-00);DEG;50;638.08;46.24;4.5;638.08;46.24;4.5;638.08;46.24;4.5;673.75;48.82;4.5;673.75;48.82;4.5
36560;Salle de cours C_C18 (DEG-01);DEG;50;692.0;50.14;28.0;692.0;50.14;28.0;692.0;50.14;28.0;720.75;52.23;28.0;722.75;52.37;28.0
36561;Salle de cours C_C19 (DEG-01);DEG;52;582.5;42.21;32.25;582.5;42.21;32.25;582.5;42.21;32.25;638.75;46.29;32.25;638.25;46.25;32.25
27353;Amphi 1 (LET-00);LET;150;639.58;46.35;6.0;0.0;0.0;0.0;0.0;0.0;0.0;0.0;0.0;0.0;0.0;0.0;0.0
27354;Amphi 2 (LET-00);LET;140;558.75;40.49;0.0;0.0;0.0;0.0;0.0;0.0;0.0;0.0;0.0;0.0;0.0;0.0;0.0
27502;Amphi 3 (LET-02);LET;300;595.5;43.15;1.0;0.0;0.0;0.0;0.0;0.0;0.0;0.0;0.0;0.0;0.0;0.0;0.0
27320;Salle de cours 10 (LET-00);LET;60;422.33;30.6;13.75;422.33;30.6;13.75;422.33;30.6;13.75;471.33;34.15;13.75;479.83;34.77;13.75
27308;Salle de cours 107 (LET-00);LET;68;770.67;55.85;2.0;770.67;55.85;2.0;770.67;55.85;2.0;817.0;59.2;2.0;816.0;59.13;2.0
27324;Salle de cours 11 (LET-00);LET;80;750.92;54.41;0.0;750.92;54.41;0.0;750.92;54.41;0.0;763.92;55.36;0.0;764.42;55.39;0.0
27321;Salle de cours 12 (LET-00);LET;60;638.25;46.25;5.08;638.25;46.25;5.08;638.25;46.25;5.08;666.0;48.26;5.08;666.0;48.26;5.08
27333;Salle de cours 120 (LET-00);LET;62;678.75;49.18;14.5;678.75;49.18;14.5;678.75;49.18;14.5;685.25;49.66;14.5;685.25;49.66;14.5
27332;Salle de cours 121 (LET-00);LET;70;724.17;52.48;9.42;724.17;52.48;9.42;724.17;52.48;9.42;736.17;53.35;9.42;736.17;53.35;9.42
27322;Salle de cours 13 (LET-00);LET;70;698.67;50.63;9.5;698.67;50.63;9.5;698.67;50.63;9.5;704.17;51.03;9.5;704.17;51.03;9.5
27323;Salle de cours 14 (LET-00);LET;98;614.33;44.52;0.0;614.33;44.52;0.0;614.33;44.52;0.0;674.83;48.9;0.0;664.33;48.14;0.0
27254;Salle de cours 220 (LET-01);LET;60;667.17;48.35;20.0;667.17;48.35;20.0;667.17;48.35;20.0;709.25;51.39;20.0;710.25;51.47;20.0
27248;Salle de cours 23 (LET-01);LET;80;709.67;51.43;11.0;709.67;51.43;11.0;709.67;51.43;11.0;720.17;52.19;11.0;721.17;52.26;11.0
27513;Salle de cours 30 (LET-02);LET;60;680.42;49.31;1.5;680.42;49.31;1.5;680.42;49.31;1.5;687.42;49.81;1.5;688.92;49.92;1.5
27528;Salle de cours 301 (LET-02);LET;70;643.5;46.63;24.0;643.5;46.63;24.0;643.5;46.63;24.0;681.17;49.36;24.0;681.17;49.36;24.0
27515;Salle de cours 31 (LET-02);LET;60;615.58;44.61;0.0;615.58;44.61;0.0;615.58;44.61;0.0;623.83;45.21;0.0;623.83;45.21;0.0
27514;Salle de cours 32 (LET-02);LET;80;644.42;46.7;11.17;644.42;46.7;11.17;644.42;46.7;11.17;646.42;46.84;11.17;651.92;47.24;11.17
