perimetre;salle;batiment;capacite;seances;remplissage_moyen_pct;ecart_moyen_places
annee;Salle de cours 107 (LET-00);LET;68;187;28.6;48.5
annee;Amphi 3 (LET-02);LET;300;294;32.3;203.1
annee;Salle de cours C_C19 (DEG-01);DEG;52;242;39.1;31.7
annee;Salle de cours 12 (LET-00);LET;60;182;39.9;36.1
annee;Amphi A_A400 (DEG-00);DEG;400;396;40.0;240.1
annee;Salle de cours C_C01 (DEG-00);DEG;79;122;40.4;47.1
annee;Salle de cours 220 (LET-01);LET;60;180;41.3;35.2
annee;Amphi 1 (LET-00);LET;150;315;42.0;87.0
annee;Salle de cours B_B1 (DEG-00);DEG;100;459;43.8;56.2
annee;Salle de cours B_B2 (DEG-00);DEG;76;351;44.2;42.4
annee;Amphi A_A300 (DEG-00);DEG;300;339;44.5;166.6
annee;Salle de cours 301 (LET-02);LET;70;295;44.5;38.9
annee;Amphi C_A120 (DEG-00);DEG;120;241;44.6;66.5
annee;Amphi A_A600 (DEG-00);DEG;600;322;45.0;330.0
annee;Salle de cours 23 (LET-01);LET;80;216;45.1;43.9
annee;Salle de cours 120 (LET-00);LET;62;215;46.1;33.4
annee;Salle de cours 10 (LET-00);LET;60;83;47.8;31.3
annee;Salle de cours 32 (LET-02);LET;80;258;48.5;41.2
annee;Salle de cours C_C04 (DEG-00);DEG;50;334;49.0;25.5
annee;Salle de cours 14 (LET-00);LET;98;351;51.4;47.7
annee;Salle de cours 13 (LET-00);LET;70;226;51.6;33.9
annee;Amphi 2 (LET-00);LET;140;298;52.8;66.1
annee;Amphi A_A150 (DEG-00);DEG;150;360;55.2;67.2
annee;Salle de cours C_C03 (DEG-00);DEG;50;381;56.7;21.6
annee;Salle de cours 31 (LET-02);LET;60;374;58.6;24.8
annee;Salle de cours 30 (LET-02);LET;60;269;58.7;24.8
annee;Salle de cours C_C18 (DEG-01);DEG;50;264;59.5;20.2
annee;Salle de cours 11 (LET-00);LET;80;204;60.0;32.0
annee;Salle de cours 121 (LET-00);LET;70;336;65.2;24.4
examens;Salle de cours 23 (LET-01);LET;80;1;7.5;74.0
examens;Salle de cours 13 (LET-00);LET;70;1;8.6;64.0
examens;Amphi A_A400 (DEG-00);DEG;400;4;11.0;356.0
examens;Salle de cours C_C01 (DEG-00);DEG;79;2;12.7;69.0
examens;Salle de cours B_B2 (DEG-00);DEG;76;1;14.5;65.0
examens;Salle de cours C_C04 (DEG-00);DEG;50;2;18.0;41.0
examens;Salle de cours 30 (LET-02);LET;60;1;18.3;49.0
examens;Amphi A_A300 (DEG-00);DEG;300;6;21.8;234.5
examens;Salle de cours 32 (LET-02);LET;80;2;30.0;56.0
examens;Amphi C_A120 (DEG-00);DEG;120;15;32.3;81.3
examens;Salle de cours 301 (LET-02);LET;70;2;32.9;47.0
examens;Salle de cours 220 (LET-01);LET;60;5;33.3;40.0
examens;Salle de cours 10 (LET-00);LET;60;3;36.1;38.3
examens;Salle de cours C_C18 (DEG-01);DEG;50;7;39.4;30.3
examens;Salle de cours 107 (LET-00);LET;68;1;47.1;36.0
examens;Salle de cours C_C03 (DEG-00);DEG;50;12;48.5;25.8
examens;Salle de cours C_C19 (DEG-01);DEG;52;10;52.9;24.5
examens;Amphi A_A150 (DEG-00);DEG;150;5;67.9;48.2
examens;Amphi 1 (LET-00);LET;150;2;69.3;46.0
