ID_SEANCE;DATE;JOUR;HDEBUT;HFIN;NOM_SAL;TYPE;LIBELLE_MAT;NOM_DIP;ORIGINE;HEURES;EFFECTIF_A_RENSEIGNER
E0000519;2025-09-08;lundi;15:30;16:30;Amphi 3 (LET-02);Cours;Découverte Lettres S1;<L1 LLCER - EH>Découverte CM Lettres S1;Autre groupe;1.0;
E0000893;2025-09-09;mardi;10:45;11:45;Amphi 3 (LET-02);Cours;Histoire S1;<L1 Sociologie>1S-Déc Histoire-CM S1;Autre groupe;1.0;
E0000903;2025-09-09;mardi;11:00;12:00;Amphi 2 (LET-00);CM;Histoire de l'art S1;<L1 Sociologie>1S-Déc Histoire de l'art CM S1;Autre groupe;1.0;
E0000965;2025-09-09;mardi;11:45;13:15;Amphi 3 (LET-02);;Réservation de salles;;Réservation sans promotion;1.5;
E0002056;2025-09-11;jeudi;11:00;12:00;Amphi 1 (LET-00);TD;3 Histoire langue fr 5;<L3 Lettres PPPE><L3 Lettres PPPE / Groupes>Groupe 1;Autre groupe;1.0;
E0002132;2025-09-11;jeudi;13:25;17:30;Amphi 2 (LET-00);;Réservation de salles;;Réservation sans promotion;4.08;
E0002147;2025-09-11;jeudi;13:30;15:30;Amphi 3 (LET-02);;XXX Réunion d'information;;Réservation sans promotion;2.0;
E0003430;2025-09-15;lundi;15:30;16:30;Amphi 3 (LET-02);Cours;Découverte Lettres S1;<L1 LLCER - EH>Découverte CM Lettres S1;Autre groupe;1.0;
E0003859;2025-09-16;mardi;10:45;11:45;Amphi 3 (LET-02);Cours;Histoire S1;<L1 Sociologie>1S-Déc Histoire-CM S1;Autre groupe;1.0;
E0003874;2025-09-16;mardi;11:00;12:00;Amphi 2 (LET-00);CM;Histoire de l'art S1;<L1 Sociologie>1S-Déc Histoire de l'art CM S1;Autre groupe;1.0;
E0003955;2025-09-16;mardi;13:00;14:00;Amphi 1 (LET-00);;réunions LEA;;Réservation sans promotion;1.0;
E0005048;2025-09-17;mercredi;17:00;19:30;Amphi 3 (LET-02);;XXX-Réservation de salles;;Réservation sans promotion;2.5;
E0005393;2025-09-18;jeudi;11:00;12:00;Amphi 1 (LET-00);TD;3 Histoire langue fr 5;<L3 Lettres PPPE><L3 Lettres PPPE / Groupes>Groupe 2;Autre groupe;1.0;
E0005542;2025-09-18;jeudi;14:00;16:00;Amphi 2 (LET-00);;XXX-PRESENTATION SCUIO;;Réservation sans promotion;2.0;
E0006848;2025-09-22;lundi;15:30;16:30;Amphi 3 (LET-02);Cours;Découverte Lettres S1;<L1 LLCER - EH>Découverte CM Lettres S1;Autre groupe;1.0;
E0007309;2025-09-23;mardi;10:45;11:45;Amphi 3 (LET-02);Cours;Histoire S1;<L1 Sociologie>1S-Déc Histoire-CM S1;Autre groupe;1.0;
E0007321;2025-09-23;mardi;11:00;12:00;Amphi 2 (LET-00);CM;Histoire de l'art S1;<L1 Sociologie>1S-Déc Histoire de l'art CM S1;Autre groupe;1.0;
E0007394;2025-09-23;mardi;12:00;13:30;Amphi 3 (LET-02);;XXX-Réservation de salles;;Réservation sans promotion;1.5;
E0008865;2025-09-25;jeudi;11:00;12:00;Amphi 1 (LET-00);TD;3 Histoire langue fr 5;<L3 Lettres PPPE><L3 Lettres PPPE / Groupes>Groupe 1;Autre groupe;1.0;
E0010227;2025-09-29;lundi;15:30;16:30;Amphi 3 (LET-02);Cours;Découverte Lettres S1;<L1 LLCER - EH>Découverte CM Lettres S1;Autre groupe;1.0;
E0010333;2025-09-29;lundi;17:00;19:30;Amphi 3 (LET-02);;XXX-Réservation de salles;;Réservation sans promotion;2.5;
E0010704;2025-09-30;mardi;10:45;11:45;Amphi 3 (LET-02);Cours;Histoire S1;<L1 Sociologie>1S-Déc Histoire-CM S1;Autre groupe;1.0;
E0010714;2025-09-30;mardi;11:00;12:00;Amphi 2 (LET-00);CM;Histoire de l'art S1;<L1 Sociologie>1S-Déc Histoire de l'art CM S1;Autre groupe;1.0;
E0012359;2025-10-02;jeudi;11:00;12:00;Amphi 1 (LET-00);TD;3 Histoire langue fr 5;<L3 Lettres PPPE><L3 Lettres PPPE / Groupes>Groupe 2;Autre groupe;1.0;
E0013919;2025-10-06;lundi;15:30;16:30;Amphi 3 (LET-02);Cours;Découverte Lettres S1;<L1 LLCER - EH>Découverte CM Lettres S1;Autre groupe;1.0;
E0014403;2025-10-07;mardi;10:45;11:45;Amphi 3 (LET-02);Cours;Histoire S1;<L1 Sociologie>1S-Déc Histoire-CM S1;Autre groupe;1.0;
E0014412;2025-10-07;mardi;11:00;12:00;Amphi 2 (LET-00);CM;Histoire de l'art S1;<L1 Sociologie>1S-Déc Histoire de l'art CM S1;Autre groupe;1.0;
E0015056;2025-10-08;mercredi;08:30;10:00;Amphi 2 (LET-00);Cours;Grec non spé;;Réservation sans promotion;1.5;
E0016101;2025-10-09;jeudi;11:00;12:00;Amphi 1 (LET-00);TD;3 Histoire langue fr 5;<L3 Lettres PPPE><L3 Lettres PPPE / Groupes>Groupe 1;Autre groupe;1.0;
E0017721;2025-10-13;lundi;15:30;16:30;Amphi 3 (LET-02);Cours;Découverte Lettres S1;<L1 LLCER - EH>Découverte CM Lettres S1;Autre groupe;1.0;
E0018228;2025-10-14;mardi;10:45;11:45;Amphi 3 (LET-02);Cours;Histoire S1;<L1 Sociologie>1S-Déc Histoire-CM S1;Autre groupe;1.0;
E0018239;2025-10-14;mardi;11:00;12:00;Amphi 2 (LET-00);CM;Histoire de l'art S1;<L1 Sociologie>1S-Déc Histoire de l'art CM S1;Autre groupe;1.0;
E0018895;2025-10-15;mercredi;08:30;10:00;Amphi 2 (LET-00);Cours;Grec non spé;;Réservation sans promotion;1.5;
E0019735;2025-10-16;jeudi;08:30;10:30;Amphi 2 (LET-00);Contrôle Continu;XXX-Cc ESH Lic HAA;;Réservation sans promotion;2.0;
E0021524;2025-10-20;lundi;15:30;16:30;Amphi 3 (LET-02);Cours;Découverte Lettres S1;<L1 LLCER - EH>Découverte CM Lettres S1;Autre groupe;1.0;
E0021961;2025-10-21;mardi;10:45;11:45;Amphi 3 (LET-02);Cours;Histoire S1;<L1 Sociologie>1S-Déc Histoire-CM S1;Autre groupe;1.0;
E0021972;2025-10-21;mardi;11:00;12:00;Amphi 2 (LET-00);CM;Histoire de l'art S1;<L1 Sociologie>1S-Déc Histoire de l'art CM S1;Autre groupe;1.0;
E0022040;2025-10-21;mardi;11:45;12:45;Amphi 3 (LET-02);Cours;Histoire S1;<L1 Sociologie>1S-Déc Histoire-CM S1;Autre groupe;1.0;
E0022339;2025-10-21;mardi;16:00;17:00;Amphi 3 (LET-02);Cours;Test utla;<UTLA>Option Conférence hebdo UTLA;Option UTLA;1.0;
E0022357;2025-10-21;mardi;16:30;17:30;Amphi 2 (LET-00);;XXX-Réservation_Amphi;;Réservation sans promotion;1.0;
E0023432;2025-10-23;jeudi;11:00;12:00;Amphi 1 (LET-00);TD;3 Histoire langue fr 5;<L3 Lettres PPPE><L3 Lettres PPPE / Groupes>Groupe 2;Autre groupe;1.0;
E0024539;2025-11-03;lundi;10:30;12:00;Amphi 1 (LET-00);Cours;XXX-O. Campillo cult.;<UTLA>Option Musique et poésie du MA à nos jours O. Campillo;Option UTLA;1.5;
E0024883;2025-11-03;lundi;15:30;16:30;Amphi 3 (LET-02);Cours;Découverte Lettres S1;<L1 LLCER - EH>Découverte CM Lettres S1;Autre groupe;1.0;
E0024978;2025-11-03;lundi;16:30;18:00;Amphi 3 (LET-02);Cours;XXX-J-L. Marsaud cult.;"<UTLA>Option ""Géopolitique chaotique..."" J-L. Marsaud";Option UTLA;1.5;
E0025827;2025-11-04;mardi;16:00;17:30;Amphi 1 (LET-00);Cours;XXX-R. Pineau cult.;"<UTLA>Option ""Culture juridique"" R. Pineau";Option UTLA;1.5;
E0026033;2025-11-05;mercredi;08:30;10:00;Amphi 2 (LET-00);Cours;Grec non spé;;Réservation sans promotion;1.5;
E0026709;2025-11-05;mercredi;16:30;18:00;Amphi 3 (LET-02);Cours;XXX-C.Bouvy cult.;"<UTLA>Option ""L'oeil critique..."" C. bouvy";Option UTLA;1.5;
E0027069;2025-11-06;jeudi;10:00;11:00;Amphi 3 (LET-02);Contrôle Continu;1 Littérature française 1;;Réservation sans promotion;1.0;
E0027129;2025-11-06;jeudi;10:45;12:15;Amphi 2 (LET-00);Cours;XXX-A. Ayerbe cult.;"<UTLA>Option ""Approche démographique..."" A. Ayerbe (matin)";Option UTLA;1.5;
E0027271;2025-11-06;jeudi;13:30;15:00;Amphi 2 (LET-00);Cours;XXX-A. Ayerbe cult.;"<UTLA>Option ""Approche démographique..."" A. Ayerbe (après-midi)";Option UTLA;1.5;
E0027331;2025-11-06;jeudi;14:00;16:00;Amphi 1 (LET-00);;XXX - Séminaire sociologie;;Réservation sans promotion;2.0;
E0027381;2025-11-06;jeudi;15:30;17:00;Amphi 3 (LET-02);Cours;XXX-F. Bidouze cult.;<UTLA>Option Destins de la révolution française  F. Bidouze;Option UTLA;1.5;
E0027439;2025-11-06;jeudi;18:00;19:30;Amphi 3 (LET-02);Cours;XXX-F. Caroff cult.;"<UTLA>Option ""Histoire du manuscrit occidental"" F. Caroff";Option UTLA;1.5;
E0027919;2025-11-07;vendredi;13:30;15:30;Amphi 2 (LET-00);Contrôle Continu 1;XXX - Contrôle Continu anglais;;Réservation sans promotion;2.0;
E0028059;2025-11-07;vendredi;15:00;16:30;Amphi 1 (LET-00);Cours;XXX-C. Bouché cult.;"<UTLA>Option ""Architecture"" C. Bouché";Option UTLA;1.5;
E0028145;2025-11-07;vendredi;19:30;20:00;Amphi 1 (LET-00);Examen;3 Histoire langue fr 3;;Réservation sans promotion;0.5;
E0028443;2025-11-10;lundi;10:30;12:00;Amphi 1 (LET-00);Cours;XXX-O. Campillo cult.;<UTLA>Option Musique et poésie du MA à nos jours O. Campillo;Option UTLA;1.5;
E0028762;2025-11-10;lundi;15:30;16:30;Amphi 3 (LET-02);Cours;Découverte Lettres S1;<L1 LLCER - EH>Découverte CM Lettres S1;Autre groupe;1.0;
E0028844;2025-11-10;lundi;16:30;18:00;Amphi 3 (LET-02);Cours;XXX-J-L. Marsaud cult.;"<UTLA>Option ""Géopolitique chaotique..."" J-L. Marsaud";Option UTLA;1.5;
E0029733;2025-11-12;mercredi;16:30;18:00;Amphi 3 (LET-02);Cours;XXX-C.Bouvy cult.;"<UTLA>Option ""L'oeil critique..."" C. bouvy";Option UTLA;1.5;
E0030277;2025-11-13;jeudi;13:00;17:00;Amphi 2 (LET-00);Cours;XXX-Tuteur-Autisme;;Réservation sans promotion;4.0;
E0030413;2025-11-13;jeudi;15:30;17:00;Amphi 3 (LET-02);Cours;XXX-F. Bidouze cult.;<UTLA>Option Destins de la révolution française  F. Bidouze;Option UTLA;1.5;
E0030459;2025-11-13;jeudi;18:00;19:30;Amphi 3 (LET-02);Cours;XXX-F. Caroff cult.;"<UTLA>Option ""Histoire du manuscrit occidental"" F. Caroff";Option UTLA;1.5;
E0030525;2025-11-14;vendredi;08:00;09:30;Amphi 2 (LET-00);TD;2 Stylistique 3;<L3 Lettres PPPE><L3 Lettres PPPE / Groupes>Groupe 1;Autre groupe;1.5;
E0031084;2025-11-14;vendredi;15:00;16:30;Amphi 1 (LET-00);Cours;XXX-C. Bouché cult.;"<UTLA>Option ""Architecture"" C. Bouché";Option UTLA;1.5;
E0031170;2025-11-14;vendredi;17:30;19:00;Amphi 3 (LET-02);Cours;XXX-Conférence UTLA;<UTLA>Option Conférence hebdo UTLA;Option UTLA;1.5;
E0031494;2025-11-17;lundi;10:30;12:00;Amphi 1 (LET-00);Cours;XXX-O. Campillo cult.;<UTLA>Option Musique et poésie du MA à nos jours O. Campillo;Option UTLA;1.5;
E0031843;2025-11-17;lundi;15:30;16:30;Amphi 3 (LET-02);Cours;Découverte Lettres S1;<L1 LLCER - EH>Découverte CM Lettres S1;Autre groupe;1.0;
E0031939;2025-11-17;lundi;16:30;18:00;Amphi 3 (LET-02);Cours;XXX-J-L. Marsaud cult.;"<UTLA>Option ""Géopolitique chaotique..."" J-L. Marsaud";Option UTLA;1.5;
E0032367;2025-11-18;mardi;10:45;11:45;Amphi 3 (LET-02);Cours;Histoire S1;<L1 Sociologie>1S-Déc Histoire-CM S1;Autre groupe;1.0;
E0032377;2025-11-18;mardi;11:00;12:00;Amphi 2 (LET-00);CM;Histoire de l'art S1;<L1 Sociologie>1S-Déc Histoire de l'art CM S1;Autre groupe;1.0;
E0032830;2025-11-18;mardi;16:00;17:30;Amphi 1 (LET-00);Cours;XXX-R. Pineau cult.;"<UTLA>Option ""Culture juridique"" R. Pineau";Option UTLA;1.5;
E0033728;2025-11-19;mercredi;16:30;18:00;Amphi 3 (LET-02);Cours;XXX-C.Bouvy cult.;"<UTLA>Option ""L'oeil critique..."" C. bouvy";Option UTLA;1.5;
E0034079;2025-11-20;jeudi;10:00;13:00;Amphi 3 (LET-02);;XXX-Résa 2025 chaire MOVE;;Réservation sans promotion;3.0;
E0034137;2025-11-20;jeudi;10:45;12:15;Amphi 2 (LET-00);Cours;XXX-A. Ayerbe cult.;"<UTLA>Option ""Approche démographique..."" A. Ayerbe (matin)";Option UTLA;1.5;
E0034146;2025-11-20;jeudi;11:00;12:00;Amphi 1 (LET-00);TD;3 Histoire langue fr 5;<L3 Lettres PPPE><L3 Lettres PPPE / Groupes>Groupe 1;Autre groupe;1.0;
E0034281;2025-11-20;jeudi;13:30;15:00;Amphi 2 (LET-00);Cours;XXX-A. Ayerbe cult.;"<UTLA>Option ""Approche démographique..."" A. Ayerbe (après-midi)";Option UTLA;1.5;
E0034378;2025-11-20;jeudi;15:00;17:00;Amphi 2 (LET-00);;Réservation de salles;;Réservation sans promotion;2.0;
E0034391;2025-11-20;jeudi;15:30;17:00;Amphi 3 (LET-02);Cours;XXX-F. Bidouze cult.;<UTLA>Option Destins de la révolution française  F. Bidouze;Option UTLA;1.5;
E0034436;2025-11-20;jeudi;18:00;19:30;Amphi 3 (LET-02);Cours;XXX-F. Caroff cult.;"<UTLA>Option ""Histoire du manuscrit occidental"" F. Caroff";Option UTLA;1.5;
E0034512;2025-11-21;vendredi;08:00;09:30;Amphi 2 (LET-00);TD;2 Stylistique 3;<L3 Lettres PPPE><L3 Lettres PPPE / Groupes>Groupe 2;Autre groupe;1.5;
E0034561;2025-11-21;vendredi;08:30;10:00;Amphi 1 (LET-00);Rattrapage CC;XXX-CC_rattrapage_L1_Géo;;Réservation sans promotion;1.5;
E0035067;2025-11-21;vendredi;15:00;16:30;Amphi 1 (LET-00);Cours;XXX-C. Bouché cult.;"<UTLA>Option ""Architecture"" C. Bouché";Option UTLA;1.5;
E0035149;2025-11-21;vendredi;17:30;19:00;Amphi 3 (LET-02);Cours;XXX-Conférence UTLA;<UTLA>Option Conférence hebdo UTLA;Option UTLA;1.5;
E0035470;2025-11-24;lundi;10:30;12:00;Amphi 1 (LET-00);Cours;XXX-O. Campillo cult.;<UTLA>Option Musique et poésie du MA à nos jours O. Campillo;Option UTLA;1.5;
E0035810;2025-11-24;lundi;15:30;16:30;Amphi 3 (LET-02);Cours;Découverte Lettres S1;<L1 LLCER - EH>Découverte CM Lettres S1;Autre groupe;1.0;
E0035908;2025-11-24;lundi;16:30;18:00;Amphi 3 (LET-02);Cours;XXX-J-L. Marsaud cult.;"<UTLA>Option ""Géopolitique chaotique..."" J-L. Marsaud";Option UTLA;1.5;
E0036032;2025-11-25;mardi;08:00;10:00;Amphi 2 (LET-00);;Réservation de salles;;Réservation sans promotion;2.0;
E0036286;2025-11-25;mardi;10:45;11:45;Amphi 3 (LET-02);Cours;Histoire S1;<L1 Sociologie>1S-Déc Histoire-CM S1;Autre groupe;1.0;
E0036745;2025-11-25;mardi;16:00;17:30;Amphi 1 (LET-00);Cours;XXX-R. Pineau cult.;"<UTLA>Option ""Culture juridique"" R. Pineau";Option UTLA;1.5;
E0037569;2025-11-26;mercredi;16:30;18:00;Amphi 3 (LET-02);Cours;XXX-C.Bouvy cult.;"<UTLA>Option ""L'oeil critique..."" C. bouvy";Option UTLA;1.5;
E0037952;2025-11-27;jeudi;11:00;13:00;Amphi 3 (LET-02);;Réservation de salles;;Réservation sans promotion;2.0;
E0038177;2025-11-27;jeudi;15:30;17:00;Amphi 3 (LET-02);Cours;XXX-F. Bidouze cult.;<UTLA>Option Destins de la révolution française  F. Bidouze;Option UTLA;1.5;
E0038224;2025-11-27;jeudi;18:00;19:30;Amphi 3 (LET-02);Cours;XXX-F. Caroff cult.;"<UTLA>Option ""Histoire du manuscrit occidental"" F. Caroff";Option UTLA;1.5;
E0038291;2025-11-28;vendredi;08:00;09:30;Amphi 2 (LET-00);TD;2 Stylistique 3;<L3 Lettres PPPE><L3 Lettres PPPE / Groupes>Groupe 1;Autre groupe;1.5;
E0038799;2025-11-28;vendredi;15:00;16:30;Amphi 1 (LET-00);Cours;XXX-C. Bouché cult.;"<UTLA>Option ""Architecture"" C. Bouché";Option UTLA;1.5;
E0039159;2025-12-01;lundi;10:30;12:00;Amphi 1 (LET-00);Cours;XXX-O. Campillo cult.;<UTLA>Option Musique et poésie du MA à nos jours O. Campillo;Option UTLA;1.5;
E0039487;2025-12-01;lundi;15:30;16:30;Amphi 3 (LET-02);Cours;Découverte Lettres S1;<L1 LLCER - EH>Découverte CM Lettres S1;Autre groupe;1.0;
E0039576;2025-12-01;lundi;16:30;18:00;Amphi 3 (LET-02);Cours;XXX-J-L. Marsaud cult.;"<UTLA>Option ""Géopolitique chaotique..."" J-L. Marsaud";Option UTLA;1.5;
E0039953;2025-12-02;mardi;10:45;11:45;Amphi 3 (LET-02);Cours;Histoire S1;<L1 Sociologie>1S-Déc Histoire-CM S1;Autre groupe;1.0;
E0039969;2025-12-02;mardi;11:00;12:00;Amphi 2 (LET-00);CM;Histoire de l'art S1;<L1 Sociologie>1S-Déc Histoire de l'art CM S1;Autre groupe;1.0;
E0040065;2025-12-02;mardi;13:00;15:00;Amphi 1 (LET-00);;Réservation de salles;;Réservation sans promotion;2.0;
E0040411;2025-12-02;mardi;16:00;17:30;Amphi 1 (LET-00);Cours;XXX-R. Pineau cult.;"<UTLA>Option ""Culture juridique"" R. Pineau";Option UTLA;1.5;
E0041263;2025-12-03;mercredi;16:30;18:00;Amphi 3 (LET-02);Cours;XXX-C.Bouvy cult.;"<UTLA>Option ""L'oeil critique..."" C. bouvy";Option UTLA;1.5;
E0041621;2025-12-04;jeudi;10:45;12:15;Amphi 2 (LET-00);Cours;XXX-A. Ayerbe cult.;"<UTLA>Option ""Approche démographique..."" A. Ayerbe (matin)";Option UTLA;1.5;
E0041633;2025-12-04;jeudi;11:00;12:00;Amphi 1 (LET-00);TD;3 Histoire langue fr 5;<L3 Lettres PPPE><L3 Lettres PPPE / Groupes>Groupe 2;Autre groupe;1.0;
E0041732;2025-12-04;jeudi;13:00;18:00;Amphi 1 (LET-00);;XXX-Réservation de salles;;Réservation sans promotion;5.0;
E0041767;2025-12-04;jeudi;13:30;15:00;Amphi 2 (LET-00);Cours;XXX-A. Ayerbe cult.;"<UTLA>Option ""Approche démographique..."" A. Ayerbe (après-midi)";Option UTLA;1.5;
E0041881;2025-12-04;jeudi;15:30;17:00;Amphi 3 (LET-02);Cours;XXX-F. Bidouze cult.;<UTLA>Option Destins de la révolution française  F. Bidouze;Option UTLA;1.5;
E0041934;2025-12-04;jeudi;18:00;19:30;Amphi 3 (LET-02);Cours;XXX-F. Caroff cult.;"<UTLA>Option ""Histoire du manuscrit occidental"" F. Caroff";Option UTLA;1.5;
E0042010;2025-12-05;vendredi;08:00;09:30;Amphi 2 (LET-00);TD;2 Stylistique 3;<L3 Lettres PPPE><L3 Lettres PPPE / Groupes>Groupe 2;Autre groupe;1.5;
E0042536;2025-12-05;vendredi;15:00;16:30;Amphi 1 (LET-00);Cours;XXX-C. Bouché cult.;"<UTLA>Option ""Architecture"" C. Bouché";Option UTLA;1.5;
E0042611;2025-12-05;vendredi;17:30;19:00;Amphi 3 (LET-02);Cours;XXX-Conférence UTLA;<UTLA>Option Conférence hebdo UTLA;Option UTLA;1.5;
E0042620;2025-12-08;lundi;07:55;09:00;Amphi 2 (LET-00);;Réservation de salles;;Réservation sans promotion;1.08;
E0042747;2025-12-08;lundi;09:00;11:00;Amphi 2 (LET-00);;Réservation de salles;;Réservation sans promotion;2.0;
E0043219;2025-12-08;lundi;15:30;16:30;Amphi 3 (LET-02);Contrôle Continu;Histoire comtemporaine;;Réservation sans promotion;1.0;
E0043300;2025-12-08;lundi;16:30;18:00;Amphi 3 (LET-02);Cours;XXX-J-L. Marsaud cult.;"<UTLA>Option ""Géopolitique chaotique..."" J-L. Marsaud";Option UTLA;1.5;
E0043488;2025-12-09;mardi;09:00;11:00;Amphi 2 (LET-00);Contrôle continu 2;XXX - Contrôle Continu anglais;;Réservation sans promotion;2.0;
E0043643;2025-12-09;mardi;10:45;11:45;Amphi 3 (LET-02);Cours;Histoire S1;<L1 Sociologie>1S-Déc Histoire-CM S1;Autre groupe;1.0;
E0043653;2025-12-09;mardi;11:00;12:30;Amphi 2 (LET-00);CM;Histoire de l'art S1;<L1 Sociologie>1S-Déc Histoire de l'art CM S1;Autre groupe;1.5;
E0043716;2025-12-09;mardi;11:45;12:45;Amphi 3 (LET-02);Cours;Histoire S1;<L1 Sociologie>1S-Déc Histoire-CM S1;Autre groupe;1.0;
E0043906;2025-12-09;mardi;14:30;16:00;Amphi 1 (LET-00);TD;Civilisation S1;<L1 LLCER - EA><groupes TD>TD C;Autre groupe;1.5;
E0043946;2025-12-09;mardi;15:00;16:30;Amphi 2 (LET-00);;Réservation de salles;;Réservation sans promotion;1.5;
E0044012;2025-12-09;mardi;16:00;17:30;Amphi 1 (LET-00);Cours;XXX-R. Pineau cult.;"<UTLA>Option ""Culture juridique"" R. Pineau";Option UTLA;1.5;
E0044478;2025-12-10;mercredi;13:15;13:30;Amphi 2 (LET-00);;Littérature GB S4 tiers-temps;;Réservation sans promotion;0.25;
E0044771;2025-12-10;mercredi;16:30;18:00;Amphi 3 (LET-02);Cours;XXX-C.Bouvy cult.;"<UTLA>Option ""L'oeil critique..."" C. bouvy";Option UTLA;1.5;
E0045332;2025-12-11;jeudi;15:30;17:00;Amphi 3 (LET-02);Cours;XXX-F. Bidouze cult.;<UTLA>Option Destins de la révolution française  F. Bidouze;Option UTLA;1.5;
E0045376;2025-12-11;jeudi;18:00;19:30;Amphi 3 (LET-02);Cours;XXX-F. Caroff cult.;"<UTLA>Option ""Histoire du manuscrit occidental"" F. Caroff";Option UTLA;1.5;
E0045945;2025-12-12;vendredi;15:00;16:30;Amphi 1 (LET-00);Cours;XXX-C. Bouché cult.;"<UTLA>Option ""Architecture"" C. Bouché";Option UTLA;1.5;
E0046014;2025-12-12;vendredi;17:30;19:00;Amphi 3 (LET-02);Cours;XXX-Conférence UTLA;<UTLA>Option Conférence hebdo UTLA;Option UTLA;1.5;
E0046516;2025-12-15;lundi;16:30;18:00;Amphi 3 (LET-02);Cours;XXX-J-L. Marsaud cult.;"<UTLA>Option ""Géopolitique chaotique..."" J-L. Marsaud";Option UTLA;1.5;
E0046780;2025-12-16;mardi;11:00;14:00;Amphi 2 (LET-00);;Réservation de salles;;Réservation sans promotion;3.0;
E0047041;2025-12-16;mardi;15:30;16:00;Amphi 1 (LET-00);Contrôle Continu;xxx- Devoir Analyse image;;Réservation sans promotion;0.5;
E0047382;2025-12-17;mercredi;12:00;12:40;Amphi 2 (LET-00);Contrôle Continu;Sociologie territoires;;Réservation sans promotion;0.67;
E0047599;2025-12-17;mercredi;16:30;18:00;Amphi 3 (LET-02);Cours;XXX-C.Bouvy cult.;"<UTLA>Option ""L'oeil critique..."" C. bouvy";Option UTLA;1.5;
E0047982;2025-12-18;jeudi;15:30;17:00;Amphi 3 (LET-02);Cours;XXX-F. Bidouze cult.;<UTLA>Option Destins de la révolution française  F. Bidouze;Option UTLA;1.5;
E0048021;2025-12-18;jeudi;18:00;19:30;Amphi 3 (LET-02);Cours;XXX-F. Caroff cult.;"<UTLA>Option ""Histoire du manuscrit occidental"" F. Caroff";Option UTLA;1.5;
E0048298;2025-12-19;vendredi;17:30;19:00;Amphi 3 (LET-02);Cours;XXX-Conférence UTLA;<UTLA>Option Conférence hebdo UTLA;Option UTLA;1.5;
E0052480;2026-01-16;vendredi;17:00;19:30;Amphi 3 (LET-02);Cours;XXX-Conférence UTLA;<UTLA>Option Conférence hebdo UTLA;Option UTLA;2.5;
E0052741;2026-01-19;lundi;10:30;12:30;Amphi 3 (LET-02);Cours;XXX-O. Campillo cult.;<UTLA>Option Musique et poésie du MA à nos jours O. Campillo;Option UTLA;2.0;
E0053041;2026-01-19;lundi;15:15;16:45;Amphi 3 (LET-02);CM;Géographie S2;<L1 Sociologie>2S-Découvrir la géographie;Autre groupe;1.5;
E0053086;2026-01-19;lundi;15:45;17:15;Amphi 1 (LET-00);CM;Anglais S2;<L1 Géo Aménagement>2S-Déc Anglais S2;Autre groupe;1.5;
E0053141;2026-01-19;lundi;17:00;18:30;Amphi 3 (LET-02);Cours;XXX-J-L. Marsaud cult.;"<UTLA>Option ""Géopolitique chaotique..."" J-L. Marsaud";Option UTLA;1.5;
E0053228;2026-01-20;mardi;08:00;09:30;Amphi 3 (LET-02);CM;Découverte Archéo S2;<L1 Géo Aménagement>2S-Déc Histoire de l'art S2;Autre groupe;1.5;
E0053368;2026-01-20;mardi;09:45;11:15;Amphi 3 (LET-02);CM;Histoire S2;<L1 Géo Aménagement>2S-Déc Histoire S2;Autre groupe;1.5;
E0053456;2026-01-20;mardi;11:00;12:30;Amphi 2 (LET-00);Cours;XXX-V. Renault cult.;<UTLA>Option Intelligences artificielles V. Renault;Option UTLA;1.5;
E0054104;2026-01-21;mercredi;10:30;12:00;Amphi 1 (LET-00);Cours;XXX-Atelier remue-méninges;<UTLA>Option Atelier Remue-méninges et mnémotechniques;Option UTLA;1.5;
E0054187;2026-01-21;mercredi;13:00;14:00;Amphi 2 (LET-00);CM;Histoire du cinéma;<L2 Lettres - CTD>S4 UE11 LV sur txt étrangers;Autre groupe;1.0;
E0054305;2026-01-21;mercredi;14:00;15:00;Amphi 2 (LET-00);TD;Histoire du cinéma;<L2 Lettres - CTD>S4 UE11 LV sur txt étrangers;Autre groupe;1.0;
E0054449;2026-01-21;mercredi;16:30;18:00;Amphi 3 (LET-02);Cours;XXX-C.Bouvy cult.;"<UTLA>Option ""L'oeil critique..."" C. bouvy";Option UTLA;1.5;
E0054530;2026-01-22;jeudi;08:00;09:00;Amphi 1 (LET-00);TD;3 Histoire langue fr 6;<L3 Lettres PPPE><L3 Lettres PPPE / Groupes>Groupe 2;Autre groupe;1.0;
E0054605;2026-01-22;jeudi;09:00;10:00;Amphi 1 (LET-00);CM;1 - Ap en hist lang fr;<L2 Lettres modernes>S4 UE16 App hist lg fr;Autre groupe;1.0;
E0054632;2026-01-22;jeudi;09:30;10:30;Amphi 3 (LET-02);TP;Langue orale S2;<L1 LLCER - EA><groupes TP Labo>Groupe C1;Autre groupe;1.0;
E0054774;2026-01-22;jeudi;11:00;12:00;Amphi 1 (LET-00);TD;9 - Hist lit cult art 6;<L3 Lettres PPPE><L3 Lettres PPPE / Groupes>Groupe 2;Autre groupe;1.0;
E0054831;2026-01-22;jeudi;12:00;13:00;Amphi 1 (LET-00);TD;9 - Hist lit cult art 6;<L3 Lettres PPPE><L3 Lettres PPPE / Groupes>Groupe 1;Autre groupe;1.0;
E0054957;2026-01-22;jeudi;15:30;17:00;Amphi 3 (LET-02);Cours;XXX-F. Bidouze cult.;<UTLA>Option Destins de la révolution française  F. Bidouze;Option UTLA;1.5;
E0055006;2026-01-22;jeudi;18:00;19:30;Amphi 3 (LET-02);Cours;XXX-F. Caroff cult.;"<UTLA>Option ""Histoire du manuscrit occidental"" F. Caroff";Option UTLA;1.5;
E0055801;2026-01-26;lundi;10:00;12:30;Amphi 3 (LET-02);Cours;XXX-O. Campillo cult.;<UTLA>Option Musique et poésie du MA à nos jours O. Campillo;Option UTLA;2.5;
E0056155;2026-01-26;lundi;15:15;16:45;Amphi 3 (LET-02);CM;Géographie S2;<L1 Sociologie>2S-Découvrir la géographie;Autre groupe;1.5;
E0056209;2026-01-26;lundi;15:45;17:15;Amphi 1 (LET-00);CM;Anglais S2;<L1 Géo Aménagement>2S-Déc Anglais S2;Autre groupe;1.5;
E0056262;2026-01-26;lundi;17:00;18:30;Amphi 3 (LET-02);Cours;XXX-J-L. Marsaud cult.;"<UTLA>Option ""Géopolitique chaotique..."" J-L. Marsaud";Option UTLA;1.5;
E0056360;2026-01-27;mardi;08:00;09:30;Amphi 3 (LET-02);CM;Découverte Archéo S2;<L1 Géo Aménagement>2S-Déc Histoire de l'art S2;Autre groupe;1.5;
E0056517;2026-01-27;mardi;09:45;11:15;Amphi 3 (LET-02);CM;Histoire S2;<L1 Géo Aménagement>2S-Déc Histoire S2;Autre groupe;1.5;
E0056608;2026-01-27;mardi;11:00;12:30;Amphi 2 (LET-00);Cours;XXX-V. Renault cult.;<UTLA>Option Intelligences artificielles V. Renault;Option UTLA;1.5;
E0057359;2026-01-28;mercredi;10:30;12:00;Amphi 1 (LET-00);Cours;XXX-Atelier remue-méninges;<UTLA>Option Atelier Remue-méninges et mnémotechniques;Option UTLA;1.5;
E0057764;2026-01-28;mercredi;16:30;18:00;Amphi 3 (LET-02);Cours;XXX-C.Bouvy cult.;"<UTLA>Option ""L'oeil critique..."" C. bouvy";Option UTLA;1.5;
E0057800;2026-01-29;jeudi;07:00;13:05;Amphi 3 (LET-02);;xxx-info sup 26;;Réservation sans promotion;6.08;
E0058138;2026-01-29;jeudi;15:00;16:30;Amphi 3 (LET-02);Cours;XXX-F. Bidouze cult.;<UTLA>Option Destins de la révolution française  F. Bidouze;Option UTLA;1.5;
E0058191;2026-01-29;jeudi;18:00;19:30;Amphi 3 (LET-02);Cours;XXX-F. Caroff cult.;"<UTLA>Option ""Histoire du manuscrit occidental"" F. Caroff";Option UTLA;1.5;
E0059041;2026-02-02;lundi;10:30;12:30;Amphi 3 (LET-02);Cours;XXX-O. Campillo cult.;<UTLA>Option Musique et poésie du MA à nos jours O. Campillo;Option UTLA;2.0;
E0059375;2026-02-02;lundi;15:15;16:45;Amphi 3 (LET-02);CM;Géographie S2;<L1 Sociologie>2S-Découvrir la géographie;Autre groupe;1.5;
E0059429;2026-02-02;lundi;15:45;17:15;Amphi 1 (LET-00);CM;Anglais S2;<L1 Géo Aménagement>2S-Déc Anglais S2;Autre groupe;1.5;
E0059488;2026-02-02;lundi;17:00;18:30;Amphi 3 (LET-02);Cours;XXX-J-L. Marsaud cult.;"<UTLA>Option ""Géopolitique chaotique..."" J-L. Marsaud";Option UTLA;1.5;
E0059579;2026-02-03;mardi;08:00;09:30;Amphi 3 (LET-02);CM;Découverte Archéo S2;<L1 Géo Aménagement>2S-Déc Histoire de l'art S2;Autre groupe;1.5;
E0059823;2026-02-03;mardi;11:00;12:30;Amphi 2 (LET-00);Cours;XXX-V. Renault cult.;<UTLA>Option Intelligences artificielles V. Renault;Option UTLA;1.5;
E0060573;2026-02-04;mercredi;10:30;12:00;Amphi 1 (LET-00);Cours;XXX-Atelier remue-méninges;<UTLA>Option Atelier Remue-méninges et mnémotechniques;Option UTLA;1.5;
E0060671;2026-02-04;mercredi;13:00;14:00;Amphi 2 (LET-00);CM;Histoire du cinéma;<L2 Lettres - CTD>S4 UE11 LV sur txt étrangers;Autre groupe;1.0;
E0060807;2026-02-04;mercredi;14:00;15:00;Amphi 2 (LET-00);TD;Histoire du cinéma;<L2 Lettres - CTD>S4 UE11 LV sur txt étrangers;Autre groupe;1.0;
E0060977;2026-02-04;mercredi;16:30;18:00;Amphi 3 (LET-02);Cours;XXX-C.Bouvy cult.;"<UTLA>Option ""L'oeil critique..."" C. bouvy";Option UTLA;1.5;
E0061351;2026-02-05;jeudi;11:00;12:00;Amphi 1 (LET-00);TD;9 - Hist lit cult art 6;<L3 Lettres PPPE><L3 Lettres PPPE / Groupes>Groupe 2;Autre groupe;1.0;
E0061410;2026-02-05;jeudi;12:00;13:00;Amphi 1 (LET-00);TD;9 - Hist lit cult art 6;<L3 Lettres PPPE><L3 Lettres PPPE / Groupes>Groupe 1;Autre groupe;1.0;
E0061546;2026-02-05;jeudi;15:30;17:00;Amphi 2 (LET-00);Cours;XXX-F. Bidouze cult.;<UTLA>Option Destins de la révolution française  F. Bidouze;Option UTLA;1.5;
E0061593;2026-02-05;jeudi;18:00;19:30;Amphi 2 (LET-00);Cours;XXX-F. Caroff cult.;"<UTLA>Option ""Histoire du manuscrit occidental"" F. Caroff";Option UTLA;1.5;
E0062317;2026-02-09;lundi;08:00;13:25;Amphi 3 (LET-02);;Réservation de salles;;Réservation sans promotion;5.42;
E0062886;2026-02-09;lundi;15:15;16:45;Amphi 3 (LET-02);CM;Géographie S2;<L1 Sociologie>2S-Découvrir la géographie;Autre groupe;1.5;
E0062940;2026-02-09;lundi;15:45;17:15;Amphi 1 (LET-00);CM;Anglais S2;<L1 Géo Aménagement>2S-Déc Anglais S2;Autre groupe;1.5;
E0063099;2026-02-10;mardi;08:00;09:30;Amphi 2 (LET-00);CM;Lettres S2;<L1 Géo Aménagement>2S-Déc Lettres S2;Autre groupe;1.5;
E0063100;2026-02-10;mardi;08:00;09:30;Amphi 3 (LET-02);CM;Découverte Archéo S2;<L1 Géo Aménagement>2S-Déc Histoire de l'art S2;Autre groupe;1.5;
E0063258;2026-02-10;mardi;09:45;11:45;Amphi 2 (LET-00);Contrôle Continu 1;Anglais L3 DEG S6;<L3 Droit><TD Anglais>Anglais L3 métiers du Droit Gp 1, Gp 2, Gp 3;Autre groupe;2.0;
E0063568;2026-02-10;mardi;14:00;18:00;Amphi 2 (LET-00);;xxx-Hist.Art;;Réservation sans promotion;4.0;
E0064856;2026-02-12;jeudi;11:00;12:00;Amphi 1 (LET-00);TD;9 - Hist lit cult art 6;<L3 Lettres PPPE><L3 Lettres PPPE / Groupes>Groupe 2;Autre groupe;1.0;
E0064912;2026-02-12;jeudi;12:00;13:00;Amphi 1 (LET-00);TD;9 - Hist lit cult art 6;<L3 Lettres PPPE><L3 Lettres PPPE / Groupes>Groupe 1;Autre groupe;1.0;
E0065026;2026-02-12;jeudi;14:20;15:05;Amphi 1 (LET-00);CM;1 Histoire du cinéma 1;<L1 Lettres class & modern>S2 UE19 Histoire cinéma;Autre groupe;0.75;
E0066025;2026-02-23;lundi;13:20;19:30;Amphi 1 (LET-00);;Réservation de salles;;Réservation sans promotion;6.17;
E0066218;2026-02-23;lundi;15:15;16:45;Amphi 3 (LET-02);CM;Géographie S2;<L1 Sociologie>2S-Découvrir la géographie;Autre groupe;1.5;
E0066258;2026-02-23;lundi;15:45;17:15;Amphi 2 (LET-00);CM;Anglais S2;<L1 Géo Aménagement>2S-Déc Anglais S2;Autre groupe;1.5;
E0066400;2026-02-24;mardi;08:00;09:30;Amphi 3 (LET-02);CM;Découverte Archéo S2;<L1 Géo Aménagement>2S-Déc Histoire de l'art S2;Autre groupe;1.5;
E0066567;2026-02-24;mardi;09:45;11:15;Amphi 3 (LET-02);CM;Histoire S2;<L1 Géo Aménagement>2S-Déc Histoire S2;Autre groupe;1.5;
E0067690;2026-02-25;mercredi;16:30;18:00;Amphi 3 (LET-02);Cours;XXX-C.Bouvy cult.;"<UTLA>Option ""L'oeil critique..."" C. bouvy";Option UTLA;1.5;
E0067797;2026-02-26;jeudi;08:00;09:00;Amphi 3 (LET-02);TD;3 Histoire langue fr 6;<L3 Lettres PPPE><L3 Lettres PPPE / Groupes>Groupe 2;Autre groupe;1.0;
E0068054;2026-02-26;jeudi;11:00;12:00;Amphi 2 (LET-00);TD;9 - Hist lit cult art 6;<L3 Lettres classiques><Groupes de TD L3 LC>L3 LC TD2;Autre groupe;1.0;
E0068118;2026-02-26;jeudi;12:00;13:00;Amphi 1 (LET-00);TD;9 - Hist lit cult art 6;<L3 Lettres PPPE><L3 Lettres PPPE / Groupes>Groupe 1;Autre groupe;1.0;
E0068119;2026-02-26;jeudi;12:00;13:00;Amphi 2 (LET-00);TD;9 - Hist lit cult art 6;<L3 Lettres - Doc édition><Groupes de TD L3 doc>L3 DOC TD1;Autre groupe;1.0;
E0068138;2026-02-26;jeudi;13:05;18:50;Amphi 1 (LET-00);;Réservation de salles;;Réservation sans promotion;5.75;
E0068154;2026-02-26;jeudi;13:30;15:00;Amphi 3 (LET-02);Cours;XXX-A. Roptin-Neyron cult. Pha;"<UTLA>Option ""Les Pharaons Soleil"" A. Roptin-Neyron";Option UTLA;1.5;
E0068237;2026-02-26;jeudi;15:30;17:00;Amphi 3 (LET-02);Cours;XXX-F. Bidouze cult.;<UTLA>Option Destins de la révolution française  F. Bidouze;Option UTLA;1.5;
E0068292;2026-02-26;jeudi;18:00;19:30;Amphi 3 (LET-02);Cours;XXX-F. Caroff cult.;"<UTLA>Option ""Histoire du manuscrit occidental"" F. Caroff";Option UTLA;1.5;
E0068342;2026-02-27;vendredi;08:00;11:25;Amphi 1 (LET-00);;Réservation de salles;;Réservation sans promotion;3.42;
E0068453;2026-02-27;vendredi;09:30;12:35;Amphi 2 (LET-00);;Réservation de salles;;Réservation sans promotion;3.08;
E0068672;2026-02-27;vendredi;13:05;15:30;Amphi 1 (LET-00);;Réservation de salles;;Réservation sans promotion;2.42;
E0068902;2026-02-27;vendredi;16:30;18:55;Amphi 1 (LET-00);;Réservation de salles;;Réservation sans promotion;2.42;
E0069216;2026-03-02;lundi;11:00;12:30;Amphi 3 (LET-02);Cours;xxx - processus d'émergence;"<UTLA>Option ""processus d'émergence"" Jaussaud";Option UTLA;1.5;
E0069317;2026-03-02;lundi;13:05;18:55;Amphi 1 (LET-00);;Réservation de salles;;Réservation sans promotion;5.83;
E0069598;2026-03-02;lundi;15:45;17:15;Amphi 2 (LET-00);CM;Anglais S2;<L1 Géo Aménagement>2S-Déc Anglais S2;Autre groupe;1.5;
E0069659;2026-03-02;lundi;17:00;18:30;Amphi 3 (LET-02);Cours;XXX-J-L. Marsaud cult.;"<UTLA>Option ""Géopolitique chaotique..."" J-L. Marsaud";Option UTLA;1.5;
E0069689;2026-03-03;mardi;07:25;11:30;Amphi 1 (LET-00);;Réservation de salles;;Réservation sans promotion;4.08;
E0069743;2026-03-03;mardi;08:00;09:30;Amphi 2 (LET-00);CM;Lettres S2;<L1 Géo Aménagement>2S-Déc Lettres S2;Autre groupe;1.5;
E0069744;2026-03-03;mardi;08:00;09:30;Amphi 3 (LET-02);CM;Découverte Archéo S2;<L1 Géo Aménagement>2S-Déc Histoire de l'art S2;Autre groupe;1.5;
E0069903;2026-03-03;mardi;09:45;11:15;Amphi 3 (LET-02);CM;Histoire S2;<L1 Géo Aménagement>2S-Déc Histoire S2;Autre groupe;1.5;
E0070149;2026-03-03;mardi;13:35;18:50;Amphi 1 (LET-00);;Réservation de salles;;Réservation sans promotion;5.25;
E0071133;2026-03-04;mercredi;16:30;18:00;Amphi 3 (LET-02);Cours;XXX-C.Bouvy cult.;"<UTLA>Option ""L'oeil critique..."" C. bouvy";Option UTLA;1.5;
E0071174;2026-03-04;mercredi;18:00;19:30;Amphi 3 (LET-02);Cours;XXX-Conférence UTLA;<UTLA>Option Conférence hebdo UTLA;Option UTLA;1.5;
E0071239;2026-03-05;jeudi;08:00;09:50;Amphi 1 (LET-00);;Réservation de salles;;Réservation sans promotion;1.83;
E0071571;2026-03-05;jeudi;12:00;13:00;Amphi 1 (LET-00);TD;9 - Hist lit cult art 6;<L3 Lettres PPPE><L3 Lettres PPPE / Groupes>Groupe 1;Autre groupe;1.0;
E0071590;2026-03-05;jeudi;13:10;19:35;Amphi 1 (LET-00);;Réservation de salles;;Réservation sans promotion;6.42;
E0071704;2026-03-05;jeudi;15:30;17:00;Amphi 3 (LET-02);Cours;XXX-F. Bidouze cult.;<UTLA>Option Destins de la révolution française  F. Bidouze;Option UTLA;1.5;
E0071853;2026-03-06;vendredi;08:05;11:25;Amphi 1 (LET-00);;Réservation de salles;;Réservation sans promotion;3.33;
E0072125;2026-03-06;vendredi;13:10;15:25;Amphi 1 (LET-00);;Réservation de salles;;Réservation sans promotion;2.25;
E0072300;2026-03-06;vendredi;15:30;17:00;Amphi 1 (LET-00);Cours;XXX-C. Bouché cult.;"<UTLA>Option ""Architecture"" C. Bouché";Option UTLA;1.5;
E0072366;2026-03-06;vendredi;17:05;19:30;Amphi 1 (LET-00);;Réservation de salles;;Réservation sans promotion;2.42;
E0072673;2026-03-09;lundi;11:00;12:30;Amphi 3 (LET-02);Cours;xxx - processus d'émergence;"<UTLA>Option ""processus d'émergence"" Jaussaud";Option UTLA;1.5;
E0072788;2026-03-09;lundi;13:15;19:05;Amphi 1 (LET-00);;Réservation de salles;;Réservation sans promotion;5.83;
E0072998;2026-03-09;lundi;15:15;16:45;Amphi 3 (LET-02);CM;Géographie S2;<L1 Sociologie>2S-Découvrir la géographie;Autre groupe;1.5;
E0073048;2026-03-09;lundi;15:45;17:15;Amphi 2 (LET-00);CM;Anglais S2;<L1 Géo Aménagement>2S-Déc Anglais S2;Autre groupe;1.5;
E0073115;2026-03-09;lundi;17:00;18:30;Amphi 3 (LET-02);Cours;XXX-J-L. Marsaud cult.;"<UTLA>Option ""Géopolitique chaotique..."" J-L. Marsaud";Option UTLA;1.5;
E0073211;2026-03-10;mardi;08:00;09:30;Amphi 2 (LET-00);CM;Lettres S2;<L1 Géo Aménagement>2S-Déc Lettres S2;Autre groupe;1.5;
E0073212;2026-03-10;mardi;08:00;09:30;Amphi 3 (LET-02);CM;Découverte Archéo S2;<L1 Géo Aménagement>2S-Déc Histoire de l'art S2;Autre groupe;1.5;
E0073374;2026-03-10;mardi;09:45;11:15;Amphi 3 (LET-02);CM;Histoire S2;<L1 Géo Aménagement>2S-Déc Histoire S2;Autre groupe;1.5;
E0074019;2026-03-11;mercredi;08:20;12:55;Amphi 1 (LET-00);;Réservation de salles;;Réservation sans promotion;4.58;
E0074291;2026-03-11;mercredi;13:00;14:00;Amphi 3 (LET-02);CM;Histoire du cinéma;<L2 Lettres - CTD>S4 UE11 LV sur txt étrangers;Autre groupe;1.0;
E0074497;2026-03-11;mercredi;15:20;19:45;Amphi 1 (LET-00);;Réservation de salles;;Réservation sans promotion;4.42;
E0074596;2026-03-11;mercredi;16:30;18:00;Amphi 3 (LET-02);Cours;XXX-C.Bouvy cult.;"<UTLA>Option ""L'oeil critique..."" C. bouvy";Option UTLA;1.5;
E0074750;2026-03-12;jeudi;08:15;09:50;Amphi 1 (LET-00);;Réservation de salles;;Réservation sans promotion;1.58;
E0074965;2026-03-12;jeudi;11:00;12:00;Amphi 2 (LET-00);TD;9 - Hist lit cult art 6;<L3 Lettres PPPE><L3 Lettres PPPE / Groupes>Groupe 2;Autre groupe;1.0;
E0075025;2026-03-12;jeudi;12:00;13:00;Amphi 1 (LET-00);TD;9 - Hist lit cult art 6;<L3 Lettres PPPE><L3 Lettres PPPE / Groupes>Groupe 1;Autre groupe;1.0;
E0075026;2026-03-12;jeudi;12:00;13:00;Amphi 2 (LET-00);TD;9 - Hist lit cult art 6;<L3 Lettres classiques><Groupes de TD L3 LC>L3 LC TD1;Autre groupe;1.0;
E0075052;2026-03-12;jeudi;13:05;19:40;Amphi 1 (LET-00);;Réservation de salles;;Réservation sans promotion;6.58;
E0075189;2026-03-12;jeudi;16:00;17:30;Amphi 2 (LET-00);Cours;XXX-F. Bidouze cult.;<UTLA>Option Destins de la révolution française  F. Bidouze;Option UTLA;1.5;
E0075324;2026-03-13;vendredi;08:20;11:25;Amphi 1 (LET-00);;Réservation de salles;;Réservation sans promotion;3.08;
E0075613;2026-03-13;vendredi;13:05;15:25;Amphi 1 (LET-00);;Réservation de salles;;Réservation sans promotion;2.33;
E0075707;2026-03-13;vendredi;14:00;15:00;Amphi 2 (LET-00);;Réservation de salles;;Réservation sans promotion;1.0;
E0075831;2026-03-13;vendredi;17:10;19:45;Amphi 1 (LET-00);;Réservation de salles;;Réservation sans promotion;2.58;
E0075836;2026-03-13;vendredi;17:30;19:30;Amphi 3 (LET-02);Cours;XXX-Conférence UTLA;<UTLA>Option Conférence hebdo UTLA;Option UTLA;2.0;
E0076140;2026-03-16;lundi;11:00;12:30;Amphi 3 (LET-02);Cours;xxx - processus d'émergence;"<UTLA>Option ""processus d'émergence"" Jaussaud";Option UTLA;1.5;
E0076184;2026-03-16;lundi;11:30;13:00;Amphi 1 (LET-00);;XXX- Devoir phonologie S4;;Réservation sans promotion;1.5;
E0076231;2026-03-16;lundi;13:05;19:10;Amphi 1 (LET-00);;Réservation de salles;;Réservation sans promotion;6.08;
E0076434;2026-03-16;lundi;15:15;16:45;Amphi 3 (LET-02);CM;Géographie S2;<L1 Sociologie>2S-Découvrir la géographie;Autre groupe;1.5;
E0076486;2026-03-16;lundi;15:45;17:15;Amphi 2 (LET-00);CM;Anglais S2;<L1 Géo Aménagement>2S-Déc Anglais S2;Autre groupe;1.5;
E0076543;2026-03-16;lundi;17:00;18:30;Amphi 3 (LET-02);Cours;XXX-J-L. Marsaud cult.;"<UTLA>Option ""Géopolitique chaotique..."" J-L. Marsaud";Option UTLA;1.5;
E0076635;2026-03-17;mardi;08:00;09:30;Amphi 2 (LET-00);CM;Lettres S2;<L1 Géo Aménagement>2S-Déc Lettres S2;Autre groupe;1.5;
E0076800;2026-03-17;mardi;09:45;11:15;Amphi 3 (LET-02);CM;Histoire S2;<L1 Géo Aménagement>2S-Déc Histoire S2;Autre groupe;1.5;
E0077735;2026-03-18;mercredi;12:00;12:30;Amphi 2 (LET-00);;Littérature GB S4 tiers-temps;;Réservation sans promotion;0.5;
E0078052;2026-03-18;mercredi;16:30;18:00;Amphi 3 (LET-02);Cours;XXX-C.Bouvy cult.;"<UTLA>Option ""L'oeil critique..."" C. bouvy";Option UTLA;1.5;
E0078101;2026-03-19;jeudi;07:50;10:00;Amphi 1 (LET-00);;Réservation de salles;;Réservation sans promotion;2.17;
E0078408;2026-03-19;jeudi;10:30;13:00;Amphi 2 (LET-00);;Réservation de salles;;Réservation sans promotion;2.5;
E0078424;2026-03-19;jeudi;11:00;12:00;Amphi 1 (LET-00);TD;9 - Hist lit cult art 6;<L3 Lettres PPPE><L3 Lettres PPPE / Groupes>Groupe 2;Autre groupe;1.0;
E0078484;2026-03-19;jeudi;12:00;13:00;Amphi 1 (LET-00);TD;9 - Hist lit cult art 6;<L3 Lettres PPPE><L3 Lettres PPPE / Groupes>Groupe 1;Autre groupe;1.0;
E0078524;2026-03-19;jeudi;13:10;19:00;Amphi 1 (LET-00);;Réservation de salles;;Réservation sans promotion;5.83;
E0078628;2026-03-19;jeudi;15:30;17:00;Amphi 3 (LET-02);Cours;XXX-F. Bidouze cult.;<UTLA>Option Destins de la révolution française  F. Bidouze;Option UTLA;1.5;
E0078687;2026-03-20;vendredi;07:50;11:30;Amphi 1 (LET-00);;Réservation de salles;;Réservation sans promotion;3.67;
E0079043;2026-03-20;vendredi;12:30;18:05;Amphi 2 (LET-00);;Réservation de salles;;Réservation sans promotion;5.58;
E0079062;2026-03-20;vendredi;13:15;19:05;Amphi 1 (LET-00);;Réservation de salles;;Réservation sans promotion;5.83;
E0079356;2026-03-23;lundi;08:00;15:45;Amphi 2 (LET-00);;Réservation de salles;;Réservation sans promotion;7.75;
E0079427;2026-03-23;lundi;09:00;11:00;Amphi 3 (LET-02);TD;Anglais L3 Pro Val. ter. CSAAR;<LP VAR - Produits terroir><TD Anglais>Anglais LP VAR - Produits terroir - Groupe 1;Autre groupe;2.0;
E0079590;2026-03-23;lundi;11:00;12:30;Amphi 3 (LET-02);Cours;xxx - processus d'émergence;"<UTLA>Option ""processus d'émergence"" Jaussaud";Option UTLA;1.5;
E0079905;2026-03-23;lundi;15:15;16:45;Amphi 3 (LET-02);CM;Géographie S2;<L1 Sociologie>2S-Découvrir la géographie;Autre groupe;1.5;
E0079947;2026-03-23;lundi;15:45;17:15;Amphi 2 (LET-00);CM;Anglais S2;<L1 Géo Aménagement>2S-Déc Anglais S2;Autre groupe;1.5;
E0080097;2026-03-24;mardi;08:00;09:30;Amphi 2 (LET-00);CM;Lettres S2;<L1 Géo Aménagement>2S-Déc Lettres S2;Autre groupe;1.5;
E0080098;2026-03-24;mardi;08:00;09:30;Amphi 3 (LET-02);CM;Découverte Archéo S2;<L1 Géo Aménagement>2S-Déc Histoire de l'art S2;Autre groupe;1.5;
E0080253;2026-03-24;mardi;09:45;11:15;Amphi 3 (LET-02);CM;Histoire S2;<L1 Géo Aménagement>2S-Déc Histoire S2;Autre groupe;1.5;
E0081169;2026-03-25;mercredi;13:00;14:00;Amphi 2 (LET-00);CM;Histoire du cinéma;<L2 Lettres - CTD>S4 UE11 LV sur txt étrangers;Autre groupe;1.0;
E0081286;2026-03-25;mercredi;14:00;15:00;Amphi 2 (LET-00);TD;Histoire du cinéma;<L2 Lettres - CTD>S4 UE11 LV sur txt étrangers;Autre groupe;1.0;
E0081468;2026-03-25;mercredi;16:30;18:00;Amphi 3 (LET-02);Cours;XXX-C.Bouvy cult.;"<UTLA>Option ""L'oeil critique..."" C. bouvy";Option UTLA;1.5;
E0081818;2026-03-26;jeudi;11:00;12:00;Amphi 1 (LET-00);TD;9 - Hist lit cult art 6;<L3 Lettres PPPE><L3 Lettres PPPE / Groupes>Groupe 2;Autre groupe;1.0;
E0081872;2026-03-26;jeudi;12:00;13:00;Amphi 1 (LET-00);TD;9 - Hist lit cult art 6;<L3 Lettres PPPE><L3 Lettres PPPE / Groupes>Groupe 1;Autre groupe;1.0;
E0082027;2026-03-26;jeudi;15:30;17:00;Amphi 3 (LET-02);Cours;XXX-F. Bidouze cult.;<UTLA>Option Destins de la révolution française  F. Bidouze;Option UTLA;1.5;
E0082062;2026-03-26;jeudi;16:30;17:30;Amphi 2 (LET-00);Réunion;réunions LEA;;Réservation sans promotion;1.0;
E0082990;2026-03-30;lundi;11:00;12:30;Amphi 3 (LET-02);Cours;xxx - processus d'émergence;"<UTLA>Option ""processus d'émergence"" Jaussaud";Option UTLA;1.5;
E0083475;2026-03-31;mardi;08:00;09:30;Amphi 2 (LET-00);CM;Lettres S2;<L1 Géo Aménagement>2S-Déc Lettres S2;Autre groupe;1.5;
E0083527;2026-03-31;mardi;08:30;09:30;Amphi 3 (LET-02);CM;Découverte Archéo S2;<L1 Géo Aménagement>2S-Déc Histoire de l'art S2;Autre groupe;1.0;
E0084480;2026-04-01;mercredi;13:00;14:00;Amphi 2 (LET-00);CM;Histoire du cinéma;<L2 Lettres - CTD>S4 UE11 LV sur txt étrangers;Autre groupe;1.0;
E0084602;2026-04-01;mercredi;14:00;15:00;Amphi 2 (LET-00);TD;Histoire du cinéma;<L2 Lettres - CTD>S4 UE11 LV sur txt étrangers;Autre groupe;1.0;
E0084788;2026-04-01;mercredi;17:00;20:00;Amphi 3 (LET-02);;XXX-Réservation de salles;;Réservation sans promotion;3.0;
E0085116;2026-04-02;jeudi;11:00;12:00;Amphi 1 (LET-00);TD;9 - Hist lit cult art 6;<L3 Lettres PPPE><L3 Lettres PPPE / Groupes>Groupe 2;Autre groupe;1.0;
E0085166;2026-04-02;jeudi;12:00;13:00;Amphi 1 (LET-00);TD;9 - Hist lit cult art 6;<L3 Lettres PPPE><L3 Lettres PPPE / Groupes>Groupe 1;Autre groupe;1.0;
E0085267;2026-04-02;jeudi;14:00;17:00;Amphi 1 (LET-00);;Réservation de salles;;Réservation sans promotion;3.0;
E0085317;2026-04-02;jeudi;15:30;17:00;Amphi 3 (LET-02);Cours;XXX-F. Bidouze cult.;<UTLA>Option Destins de la révolution française  F. Bidouze;Option UTLA;1.5;
E0085952;2026-04-03;vendredi;16:40;18:40;Amphi 3 (LET-02);Cours;XXX-Conférence UTLA;<UTLA>Option Conférence hebdo UTLA;Option UTLA;2.0;
E0086178;2026-04-20;lundi;11:00;12:30;Amphi 3 (LET-02);Cours;xxx - processus d'émergence;"<UTLA>Option ""processus d'émergence"" Jaussaud";Option UTLA;1.5;
E0086381;2026-04-20;lundi;15:15;16:45;Amphi 2 (LET-00);CM;Géographie S2;<L1 Sociologie>2S-Découvrir la géographie;Autre groupe;1.5;
E0087542;2026-04-22;mercredi;16:30;18:00;Amphi 3 (LET-02);Cours;XXX-C.Bouvy cult.;"<UTLA>Option ""L'oeil critique..."" C. bouvy";Option UTLA;1.5;
E0087780;2026-04-23;jeudi;10:00;11:30;Amphi 3 (LET-02);Cours;XXX-F. Bidouze cult.;<UTLA>Option Destins de la révolution française  F. Bidouze;Option UTLA;1.5;
E0087966;2026-04-23;jeudi;15:30;17:00;Amphi 3 (LET-02);Cours;XXX-F. Bidouze cult.;<UTLA>Option Destins de la révolution française  F. Bidouze;Option UTLA;1.5;
E0088625;2026-04-27;lundi;11:00;12:30;Amphi 3 (LET-02);Cours;xxx - processus d'émergence;"<UTLA>Option ""processus d'émergence"" Jaussaud";Option UTLA;1.5;
E0088712;2026-04-27;lundi;13:30;15:00;Amphi 1 (LET-00);TD;Construct espace européen;;Réservation sans promotion;1.5;
E0089707;2026-04-29;mercredi;16:30;18:00;Amphi 3 (LET-02);Cours;XXX-C.Bouvy cult.;"<UTLA>Option ""L'oeil critique..."" C. bouvy";Option UTLA;1.5;
E0089911;2026-04-30;jeudi;10:30;12:00;Amphi 2 (LET-00);Cours;XXX-F. Bidouze cult.;<UTLA>Option Destins de la révolution française  F. Bidouze;Option UTLA;1.5;
E0090064;2026-04-30;jeudi;15:30;17:00;Amphi 3 (LET-02);Cours;XXX-F. Bidouze cult.;<UTLA>Option Destins de la révolution française  F. Bidouze;Option UTLA;1.5;
