date;room;code;building;type;subject;diplomas;effect;capacity;gap;fill
2026-01-15;Amphi A_A400 (DEG-00);36274;DEG;Cours;Contrôle de gestion;L3 AES Gestion des entrep;44;400;356;11.0
2026-01-15;Amphi A_A400 (DEG-00);36274;DEG;Cours;Contrôle de gestion;L3 AES Gestion des entrep;44;400;356;11.0
2026-01-16;Amphi A_A400 (DEG-00);36274;DEG;Cours;Fiscalité des Entreprises;L3 AES Gestion des entrep;44;400;356;11.0
2026-01-16;Amphi A_A400 (DEG-00);36274;DEG;Cours;Fiscalité des Entreprises;L3 AES Gestion des entrep;44;400;356;11.0
2026-01-14;Amphi A_A300 (DEG-00);36276;DEG;Cours;Finances de marché;<L3 Economie Gestion>Coloration banque et finance;11;300;289;3.7
2026-01-14;Amphi A_A300 (DEG-00);36276;DEG;Cours;Finances de marché;<L3 Economie Gestion>Coloration banque et finance;11;300;289;3.7
2026-01-14;Amphi A_A300 (DEG-00);36276;DEG;Examen;Ingénierie de projet;M1 MOT;56;300;244;18.7
2026-01-13;Amphi A_A300 (DEG-00);36276;DEG;Cours;Informatique;L3 Economie Gestion;105;300;195;35.0
2026-01-16;Amphi A_A300 (DEG-00);36276;DEG;Cours;Microéconomie appliquée;L3 Economie Gestion;105;300;195;35.0
2026-01-16;Amphi A_A300 (DEG-00);36276;DEG;Cours;Microéconomie appliquée;L3 Economie Gestion;105;300;195;35.0
2026-01-14;Amphi A_A150 (DEG-00);36279;DEG;;Conférence Septeo;M2 Droit Notarial;23;150;127;15.3
2026-01-15;Amphi C_A120 (DEG-00);36290;DEG;Cours;Histoire de la pensée;<L3 Economie Gestion>Coloration banque et finance;11;120;109;9.2
2026-01-16;Amphi C_A120 (DEG-00);36290;DEG;Cours;Comprendre les crises éco;<L3 Economie Gestion>Coloration banque et finance;11;120;109;9.2
2026-01-08;Amphi A_A150 (DEG-00);36279;DEG;;Séminaire Elyse Ritchey;M1 Cadre Sanit. Social;45;150;105;30.0
2026-01-14;Amphi C_A120 (DEG-00);36290;DEG;Cours;Management Stratégique;DU TG 2ième Année;15;120;105;12.5
2026-01-15;Amphi C_A120 (DEG-00);36290;DEG;Cours;Management Stratégique;DU TG 2ième Année;15;120;105;12.5
2026-01-14;Amphi C_A120 (DEG-00);36290;DEG;Examen;Management Comptable;M2 CAAE;16;120;104;13.3
2026-01-05;Amphi C_A120 (DEG-00);36290;DEG;Examen;EXAMEN - Gest.jurid. & sociale;M2 Compta ctrl audit;24;120;96;20.0
2026-01-05;Amphi C_A120 (DEG-00);36290;DEG;Examen;EXAMEN - Consolidation;M2 Compta ctrl audit;24;120;96;20.0
2026-01-06;Amphi C_A120 (DEG-00);36290;DEG;Examen;EXAMEN - Fusion;M2 Compta ctrl audit;24;120;96;20.0
2026-01-06;Amphi C_A120 (DEG-00);36290;DEG;Examen;EXAMEN - Fiscalité internat.;M2 Compta ctrl audit;24;120;96;20.0
2026-01-07;Amphi C_A120 (DEG-00);36290;DEG;Examen;EXAMEN - ISF;M2 Compta ctrl audit;24;120;96;20.0
2026-01-12;Amphi C_A120 (DEG-00);36290;DEG;Cours;Gestion de la production;M2 CGAO;25;120;95;20.8
2026-01-16;Amphi C_A120 (DEG-00);36290;DEG;Contrôle Continu;Droit du Travail;M2 CGAO;25;120;95;20.8
2026-01-08;Salle de cours 23 (LET-01);27248;LET;Cours;CAPES BLANC;M1 MEEF Lettres;6;80;74;7.5
2026-01-05;Salle de cours C_C01 (DEG-00);36291;DEG;CM;Commerce inter;M1 GREEN-ASSET - ÉCO;10;79;69;12.7
2026-01-05;Salle de cours C_C01 (DEG-00);36291;DEG;CM;Commerce inter;M1 GREEN-ASSET - ÉCO;10;79;69;12.7
2026-01-13;Salle de cours B_B2 (DEG-00);36271;DEG;Cours;Économie du développement;<L3 Economie Gestion>Coloration banque et finance;11;76;65;14.5
2026-01-15;Salle de cours 13 (LET-00);27322;LET;Cours;CAPES BLANC;M1 MEEF Lettres;6;70;64;8.6
2026-01-15;Salle de cours 32 (LET-02);27514;LET;CM;Projet pédagogique;L3 GA - TDDTE;24;80;56;30.0
2026-01-15;Salle de cours 32 (LET-02);27514;LET;CM;Projet pédagogique;L3 GA - TDDTE;24;80;56;30.0
2026-01-09;Salle de cours 220 (LET-01);27254;LET;;Stylistique;<M1 MEEF Lettres><option LM LC>lettres modernes M1;5;60;55;8.3
2026-01-08;Salle de cours 10 (LET-00);27320;LET;;Prévost;M1 MEEF Lettres;6;60;54;10.0
2026-01-12;Salle de cours 120 (LET-00);27333;LET;Cours;Anglais S10 HCP;<M2 HCP - Arts Archéo><TD Anglais>Anglais M2 Hist., Civi, patri. (HCP);12;62;50;19.4
2026-01-09;Salle de cours 30 (LET-02);27513;LET;CM;Project management;<M1 CSV - EACM- GREEN>M1 GREEN EACM Project Management;11;60;49;18.3
2026-01-14;Salle de cours 301 (LET-02);27528;LET;;Langue orale;M1 MEEF LV Anglais;23;70;47;32.9
2026-01-14;Salle de cours 301 (LET-02);27528;LET;;Littérature US;M1 MEEF LV Anglais;23;70;47;32.9
2026-01-16;Amphi 1 (LET-00);27353;LET;TD;Découv chmps prof;L1 Sociologie;104;150;46;69.3
2026-01-16;Amphi 1 (LET-00);27353;LET;TD;Découv chmps prof;L1 Sociologie;104;150;46;69.3
2026-01-09;Salle de cours C_C04 (DEG-00);36292;DEG;Oral;Procédure civile (oral);;6;50;44;12.0
2026-01-07;Salle de cours C_C18 (DEG-01);36560;DEG;Examen;XXX Examen M2 DEG;M2 Dt cont des libertés;8;50;42;16.0
2026-01-06;Salle de cours 10 (LET-00);27320;LET;Oral;XXX-Epreuves Orales Hist Art;L3 HAA - HA;20;60;40;33.3
2026-01-07;Salle de cours C_C18 (DEG-01);36560;DEG;TD;Anglais L3 DEG S6;<L3 AES Coord & gestion><TD Anglais>Anglais L3 AES Coord & gestion;10;50;40;20.0
2026-01-13;Salle de cours C_C18 (DEG-01);36560;DEG;TD;Anglais L3 DEG S6;<L3 AES Coord & gestion><TD Anglais>Anglais L3 AES Coord & gestion;10;50;40;20.0
2026-01-07;Salle de cours C_C03 (DEG-00);36287;DEG;Oral;Droit rural;<M2 Droit Notarial>Oral Droit rural Groupe 2;11;50;39;22.0
2026-01-13;Salle de cours C_C03 (DEG-00);36287;DEG;Cours;Eco envir & soutenabilité;<L3 Economie Gestion>Coloration banque et finance;11;50;39;22.0
2026-01-07;Salle de cours C_C04 (DEG-00);36292;DEG;Examen;Procédure civile (écrit);<M2 Procédures contentieux>Procédure Civile Ecrit;12;50;38;24.0
2026-01-09;Salle de cours C_C18 (DEG-01);36560;DEG;Examen;Tiers temps notarial;<M2 Droit Notarial>Tiers temps;12;50;38;24.0
2026-01-15;Salle de cours 220 (LET-01);27254;LET;;Littérature GB;M1 MEEF LV Anglais;23;60;37;38.3
2026-01-06;Salle de cours 220 (LET-01);27254;LET;CM;3 Droit/Amnt tour;M2 Tourisme;24;60;36;40.0
2026-01-06;Salle de cours 220 (LET-01);27254;LET;CM;2 Nx modèles d'entr touri;M2 Tourisme;24;60;36;40.0
2026-01-13;Salle de cours 220 (LET-01);27254;LET;CM;1 Strat num;M2 Tourisme;24;60;36;40.0
2026-01-16;Salle de cours 107 (LET-00);27308;LET;Cours;2 Projet jeunes chercheu;M2 HCP - Arts Archéo;32;68;36;47.1
2026-01-14;Salle de cours C_C19 (DEG-01);36561;DEG;;Travail personnel Master CCA;M1 Compta ctrl audit;21;52;31;40.4
2026-01-15;Salle de cours C_C18 (DEG-01);36560;DEG;TD;TD Économie env. et soute.;<L3 Economie Gestion><TD Économie env. et soute.>Gp 2;19;50;31;38.0
2026-01-05;Salle de cours C_C03 (DEG-00);36287;DEG;CM;Comptabilité;;20;50;30;40.0
2026-01-08;Salle de cours C_C19 (DEG-01);36561;DEG;CM;GESTION JURIDIQUE ENTREPR;M2 Compta ctrl audit;24;52;28;46.2
2026-01-09;Salle de cours C_C19 (DEG-01);36561;DEG;CM;FISCALITE DES GROUPES;M2 Compta ctrl audit;24;52;28;46.2
2026-01-09;Salle de cours C_C18 (DEG-01);36560;DEG;Examen;Dt patrimonial fam. I;M2 Droit Notarial;23;50;27;46.0
2026-01-12;Salle de cours C_C19 (DEG-01);36561;DEG;Cours;Droit du Travail;M2 CGAO;25;52;27;48.1
2026-01-13;Salle de cours C_C19 (DEG-01);36561;DEG;Cours;Construct° Business Plans;M2 CGAO;25;52;27;48.1
2026-01-14;Salle de cours C_C19 (DEG-01);36561;DEG;Cours;Contrôle Gestion Appli;M2 CGAO;25;52;27;48.1
2026-01-15;Salle de cours C_C19 (DEG-01);36561;DEG;Cours;Ingénierie Financière;M2 CGAO;25;52;27;48.1
2026-01-15;Salle de cours C_C19 (DEG-01);36561;DEG;Cours;Contrôle Gestion Appli;M2 CGAO;25;52;27;48.1
2026-01-16;Salle de cours C_C19 (DEG-01);36561;DEG;Cours;Méthodologie Recherche;M2 CGAO;25;52;27;48.1
2026-01-08;Salle de cours C_C03 (DEG-00);36287;DEG;CM;les moyens financiers;D.U Métiers admin gen ter;24;50;26;48.0
2026-01-09;Salle de cours C_C03 (DEG-00);36287;DEG;CM;les moyens matériels;D.U Métiers admin gen ter;24;50;26;48.0
2026-01-15;Salle de cours C_C03 (DEG-00);36287;DEG;CM;L'urbanisme et affaires;D.U Métiers admin gen ter;24;50;26;48.0
2026-01-15;Salle de cours C_C03 (DEG-00);36287;DEG;CM;les moyens financiers;D.U Métiers admin gen ter;24;50;26;48.0
2026-01-16;Salle de cours C_C03 (DEG-00);36287;DEG;CM;les moyens matériels;D.U Métiers admin gen ter;24;50;26;48.0
2026-01-16;Salle de cours C_C03 (DEG-00);36287;DEG;CM;les moyens financiers;D.U Métiers admin gen ter;24;50;26;48.0
2026-01-12;Amphi C_A120 (DEG-00);36290;DEG;;Qu'est-ce qu'une thèse ?;M1 Compta ctrl audit;96;120;24;80.0
2026-01-12;Salle de cours C_C03 (DEG-00);36287;DEG;TD;TD Économie env. et soute.;<L3 Economie Gestion><TD Économie env. et soute.>Gp 1;27;50;23;54.0
2026-01-08;Salle de cours 10 (LET-00);27320;LET;CTD;Langue Française 1;L1 Lettres PPPE;39;60;21;65.0
2026-01-09;Amphi C_A120 (DEG-00);36290;DEG;Cours;Analyse des partiques pro;L3 AES Coord & gestion;100;120;20;83.3
2026-01-14;Salle de cours C_C18 (DEG-01);36560;DEG;CM;Anglais;<M2 Juriste d'affaires><TD Anglais>Anglais M2 JA-Conso;30;50;20;60.0
2026-01-12;Salle de cours C_C18 (DEG-01);36560;DEG;CM;Droit des données;M2 Droit consommation;38;50;12;76.0
2026-01-07;Salle de cours C_C03 (DEG-00);36287;DEG;CM;Energie innovation;M1 Commun Éco appliquée;39;50;11;78.0
2026-01-07;Salle de cours C_C03 (DEG-00);36287;DEG;CM;Energie innovation;M1 Commun Éco appliquée;39;50;11;78.0
2026-01-12;Salle de cours C_C18 (DEG-01);36560;DEG;Cours;Comptabilité approfondie;<L3 Economie Gestion>Coloration comptabilité & Audit;44;50;6;88.0
2026-01-12;Salle de cours C_C18 (DEG-01);36560;DEG;Cours;Comptabilité approfondie;<L3 Economie Gestion>Coloration comptabilité & Audit;44;50;6;88.0
2026-01-13;Amphi A_A150 (DEG-00);36279;DEG;Cours;Droit du travail & RPS;L3 AES Coord & gestion;147;150;3;98.0
2026-01-14;Amphi A_A150 (DEG-00);36279;DEG;Cours;Economie de la santé;L3 AES Coord & gestion;147;150;3;98.0
2026-01-16;Amphi A_A150 (DEG-00);36279;DEG;Cours;Eco des politiques social;L3 AES Coord & gestion;147;150;3;98.0
2026-01-07;Salle de cours C_C19 (DEG-01);36561;DEG;;Ingénierie de projet;M1 Management SI;56;52;-4;107.7
2026-01-14;Amphi C_A120 (DEG-00);36290;DEG;Cours;Economie de la santé;L3 AES Coord & gestion;147;120;-27;122.5
