DATE;LOCAL;BATIMENT;CAPACITE;EFFECTIF;DEPASSEMENT;TYPE;LIBELLE_MAT;NOM_DIP;EXAMEN
2026-01-06;Salle de cours C_C15 (DEG-01);DEG;40;269;229;;XXX-L1 Consult copi Drt consti;L1 Droit (Pau);non
2026-01-27;Salle de cours B_B8 (DEG-00);DEG;28;254;226;;XXX consultation copies DEG;L1 Economie et Gestion;non
2025-12-10;Salle de cours B_B7 (DEG-00);DEG;34;254;220;Contrôle Continu;XXX-CC Intro à la gestion;L1 AES;oui
2026-02-12;Amphi A_A150 (DEG-00);DEG;150;362;212;;XXX-Consultation Copies;L1 Droit (Pau);non
2026-03-10;Salle de cours B_B7 (DEG-00);DEG;34;229;195;CM Contrôle Continu;Macroéconomie 1;L1 Economie et Gestion;oui
2026-03-23;Salle de cours B_B7 (DEG-00);DEG;34;229;195;CM Contrôle Continu;Microéconomie 1;L1 Economie et Gestion;oui
2026-03-26;Salle de cours B_B7 (DEG-00);DEG;34;229;195;CM Contrôle Continu;Macroéconomie 1;L1 Economie et Gestion;oui
2026-04-29;Salle de cours B_B6 (DEG-00);DEG;34;229;195;CM Contrôle Continu;Microéconomie 1;L1 Economie et Gestion;oui
2026-04-28;Salle de cours B_B2 (DEG-00);DEG;76;269;193;;Matière à préciser;L1 Droit (Pau);non
2026-03-20;Salle de cours B_B8 (DEG-00);DEG;28;219;191;Contrôle Continu;xxx - Contrôle continu;<L3 Droit>Colo droits et libertés;oui
2025-11-18;Salle de cours/informatique C_C02 (DEG-00);DEG;30;214;184;CM Contrôle Continu;Droit des obligations;L2 Droit;oui
2025-11-18;Salle de cours/informatique C_C02 (DEG-00);DEG;30;214;184;CM Contrôle Continu;Droit des obligations;L2 Droit;oui
2026-03-20;Salle de cours B_B5 (DEG-00);DEG;36;219;183;Contrôle Continu;xxx - Contrôle continu;<L3 Droit>Colo procédures;oui
2025-12-05;Salle de cours B_B6 (DEG-00);DEG;34;189;155;CM Contrôle Continu;Maths microéconomie;L1 Economie et Gestion;oui
2025-12-11;Salle de cours B_B7 (DEG-00);DEG;34;189;155;Contrôle Continu;XXX-CC Intro à la gestion;L1 Economie et Gestion;oui
2026-04-03;Salle de cours B_B6 (DEG-00);DEG;34;189;155;CM Contrôle Continu;Maths pr éco/gestion;L1 Economie et Gestion;oui
2025-10-23;Salle de cours B_B5 (DEG-00);DEG;36;189;153;Cours;Maths microéconomie;L1 Economie Gestion CMI;non
2025-12-11;Salle de cours B_B5 (DEG-00);DEG;36;188;152;;xxx-correction compta;L1 Economie et Gestion;non
2025-11-06;Salle de cours C_C14 (DEG-01);DEG;40;189;149;CM Contrôle Continu;Maths microéconomie;L1 Economie et Gestion;oui
2025-12-04;Salle de cours C_C17 (DEG-01);DEG;40;189;149;CM Contrôle Continu;Maths microéconomie;L1 Economie Gestion CMI;oui
2026-01-13;Salle de cours C_C17 (DEG-01);DEG;40;189;149;Rattrapage CC;Maths microéconomie;L1 Economie et Gestion;oui
2025-12-09;Salle de cours B_B6 (DEG-00);DEG;34;172;138;CM Contrôle Continu;Intro méthod. quant;L1 Economie Gestion CMI;oui
2026-03-10;Salle de cours B_B6 (DEG-00);DEG;34;172;138;CM Contrôle Continu;Stats descriptive / EXCEL;L1 Economie Gestion CMI;oui
2026-03-31;Salle de cours B_B7 (DEG-00);DEG;34;172;138;CM Contrôle Continu;Stats descriptive / EXCEL;L1 Economie Gestion CMI;oui
2026-01-15;Salle de cours B_B5 (DEG-00);DEG;36;172;136;Epreuve de substitution;Intro méthod. quant;L1 Economie et Gestion;non
2025-11-20;Salle de cours B_B6 (DEG-00);DEG;34;163;129;;XXX- Tutorat L1 éco;L1 Economie et Gestion;non
2026-02-09;Salle de cours B_B6 (DEG-00);DEG;34;163;129;;XXX-Consultation Copies;L1 Economie et Gestion;non
2025-12-08;Salle de cours 301 (LET-02);LET;70;198;128;;Réservation de salles;L1 Lettres - CTD;non
2025-10-09;Salle de cours B_B4 (DEG-00);DEG;40;163;123;;XXX- Tutorat L1 éco;L1 Economie et Gestion;non
2025-10-23;Salle de cours B_B4 (DEG-00);DEG;40;163;123;;XXX- Tutorat L1 éco;L1 Economie et Gestion;non
2025-11-06;Salle de cours B_B4 (DEG-00);DEG;40;163;123;;XXX- Tutorat L1 éco;L1 Economie et Gestion;non
2025-11-13;Salle de cours B_B4 (DEG-00);DEG;40;163;123;;XXX- Tutorat L1 éco;L1 Economie et Gestion;non
2026-03-17;Salle de cours C_C11 (DEG-01);DEG;40;163;123;CM;Droit du travail & RPS;L3 AES Coord & gestion;non
2025-12-18;Salle de cours B_B8 (DEG-00);DEG;28;149;121;Contrôle Continu;Économie internationale 1;L3 AES Gestion des entrep;oui
2026-03-12;Salle de cours B_B8 (DEG-00);DEG;28;146;118;Rattrapage CC;XXX- Rattrapage CC macro 3;L2 Economie Gestion CMI;oui
2025-09-11;Amphi C_A120 (DEG-00);DEG;120;235;115;Cours;Macroéconomie 2;L2 Economie Gestion CMI;non
2025-09-11;Amphi C_A120 (DEG-00);DEG;120;235;115;Cours;Macroéconomie 2;L2 Economie Gestion CMI;non
2025-09-18;Amphi C_A120 (DEG-00);DEG;120;235;115;Cours;Macroéconomie 2;L2 Economie Gestion CMI;non
2025-12-18;Salle de cours B_B7 (DEG-00);DEG;34;148;114;;Séminaire Elyse Ritchey;L2 AES;non
2026-02-10;Salle de cours B_B7 (DEG-00);DEG;34;148;114;;XXX-Consultation Copies;L2 AES;non
2025-11-13;Salle de cours B_B5 (DEG-00);DEG;36;149;113;CM Contrôle Continu;Économie internationale 1;L3 Economie Gestion;oui
2025-12-09;Salle de cours C_C12 (DEG-01);DEG;34;147;113;TD;Géo en santé & coord terr;L3 AES Coord & gestion;non
2025-12-10;Salle de cours C_C17 (DEG-01);DEG;40;149;109;Contrôle Continu;Économie internationale 1;L3 Economie Gestion;oui
2025-11-04;Salle de cours B_B211 (DEG-02);DEG;30;138;108;CM Contrôle Continu;Analyse financière;L3 Economie Gestion;oui
2026-04-21;Salle de cours B_B3 (DEG-00);DEG;40;146;106;CM Contrôle Continu;Macroéconomie 3;L2 Economie Gestion CMI;oui
2025-12-15;Salle de cours B_B7 (DEG-00);DEG;34;138;104;Contrôle continu 2;Analyse financière;L3 AES Gestion des entrep;oui
2026-04-22;Salle de cours B_B3 (DEG-00);DEG;40;138;98;Contrôle Continu;Stratégie entreprises;L3 AES Gestion des entrep;oui
2025-11-17;Salle de cours B_B8 (DEG-00);DEG;28;119;91;CM Contrôle Continu;Maths pr éco/gestion 2;L2 Economie Gestion CMI;oui
2025-12-17;Salle de cours B_B8 (DEG-00);DEG;28;119;91;Contrôle Continu;Microéconomie 2;L2 Economie Gestion;oui
2026-04-01;Salle de cours B_B8 (DEG-00);DEG;28;119;91;CM Contrôle Continu;Microéconomie 3;L2 Economie Gestion;oui
2025-12-15;Salle de cours B_B7 (DEG-00);DEG;34;119;85;Contrôle Continu;Probabilités;L2 Economie Gestion;oui
2026-03-11;Salle de cours B_B6 (DEG-00);DEG;34;119;85;CM Contrôle Continu;Microéconomie 3;L2 Economie Gestion;oui
2026-03-11;Salle de cours B_B7 (DEG-00);DEG;34;119;85;CM Contrôle Continu;Microéconomie 3;L2 Economie Gestion CMI;oui
2026-04-01;Salle de cours B_B7 (DEG-00);DEG;34;119;85;CM Contrôle Continu;Microéconomie 3;L2 Economie Gestion CMI;oui
2025-10-20;Salle de cours 234bis (LET-01);LET;20;104;84;TD;XXX-Tutorat_L1 Socio;L1 Sociologie;non
2025-12-12;Salle de cours 204 (LET-01);LET;20;104;84;;XXX-Tutorat_L1 Socio;L1 Sociologie;non
2025-11-20;Salle de cours 217 (LET-01);LET;24;104;80;TD;XXX-Tutorat_L1 Socio;L1 Sociologie;non
2025-11-21;Salle de cours 217 (LET-01);LET;24;104;80;TD;XXX-Tutorat_L1 Socio;L1 Sociologie;non
2025-11-27;Salle de cours 217 (LET-01);LET;24;104;80;TD;XXX-Tutorat_L1 Socio;L1 Sociologie;non
2025-11-28;Salle de cours 217 (LET-01);LET;24;104;80;TD;XXX-Tutorat_L1 Socio;L1 Sociologie;non
2025-12-03;Salle de cours B_B8 (DEG-00);DEG;28;105;77;CM Contrôle Continu;Conjoncture et croissance;L3 Economie Gestion;oui
2025-12-10;Salle de cours B_B8 (DEG-00);DEG;28;105;77;Contrôle Continu;Éco. bancaire/éco. assura;L3 Economie Gestion;oui
2026-03-18;Salle de cours B_B8 (DEG-00);DEG;28;105;77;CM Contrôle Continu;Microéconomie appliquée;L3 Economie Gestion CMI;oui
2026-03-31;Salle de cours B_B8 (DEG-00);DEG;28;105;77;;XXX-Consultation Copies;L3 Economie Gestion;non
2026-04-24;Salle de cours B_B5 (DEG-00);DEG;36;111;75;Rattrapage CC;Théorie des organisations;L1 AES;oui
2026-04-30;Salle de cours B_B7 (DEG-00);DEG;34;108;74;Rattrapage CC;Réservation de salles;L2 Economie Gestion;oui
2026-03-31;Salle de cours C_C16 (DEG-01);DEG;38;111;73;CM Contrôle Continu;Théorie des organisations;L1 AES;oui
2026-03-24;Salle de cours B_B7 (DEG-00);DEG;34;105;71;Cours;Informatique;L3 Economie Gestion;non
2026-03-31;Salle de cours C_C17 (DEG-01);DEG;40;111;71;CM Contrôle Continu;Théorie des organisations;<L1 Economie et Gestion>Théorie des organisations;oui
2026-04-21;Salle de cours C_C03 (DEG-00);DEG;50;119;69;Cours;Maths financières/calculs;DU C.M.I ECO DEV 2 ème A;non
2025-12-16;Salle de cours B_B3 (DEG-00);DEG;40;108;68;;Séminaire Elyse Ritchey;L2 Economie Gestion;non
2025-11-13;Salle de cours C_C12 (DEG-01);DEG;34;101;67;;Epreuve 1 : Grand Oral;Prépa concours CFPA;oui
2025-11-14;Salle de cours C_C12 (DEG-01);DEG;34;101;67;;Epreuve 1 : Grand Oral;Prépa concours CFPA;oui
2025-11-14;Salle de cours C_C12 (DEG-01);DEG;34;101;67;;Epreuve 1 : Grand Oral;Prépa concours CFPA;oui
2025-12-10;Salle de cours B_B7 (DEG-00);DEG;34;101;67;;Séminaire Elyse Ritchey;Prépa concours CFPA;non
2025-12-12;Salle de cours B_B8 (DEG-00);DEG;28;95;67;Contrôle Continu;TD Droit civil Semestre 7;<M1 Droit consommation><TD Droit civil>Groupe 2;oui
2026-03-12;Salle de cours C_C12 (DEG-01);DEG;34;101;67;;Dt internat & européen;Prépa concours CFPA;non
2026-03-12;Salle de cours C_C12 (DEG-01);DEG;34;101;67;;Dt internat & européen;Prépa concours CFPA;non
2025-12-16;Salle de cours B_B8 (DEG-00);DEG;28;94;66;Rattrapage CC;Comptabilité des sociétés;L3 Economie Gestion;oui
2026-02-24;Amphi A_A150 (DEG-00);DEG;150;214;64;;XXX-Consultation Copies;L2 Droit;non
2026-02-24;Amphi A_A150 (DEG-00);DEG;150;214;64;;XXX-Consultation Copies;L2 Droit;non
2025-11-06;Salle de cours C_C17 (DEG-01);DEG;40;101;61;;Restitution visite Cap Ecol;Prépa concours CFPA;non
2026-03-26;Salle de cours C_C17 (DEG-01);DEG;40;101;61;CM;Procédure civile;Prépa concours CFPA;non
2026-04-28;Salle de cours B_B4 (DEG-00);DEG;40;101;61;;Droit pénal;Prépa concours CFPA;non
2026-04-29;Salle de cours B_B7 (DEG-00);DEG;34;94;60;Oral;Grand oral L3 Éco;L3 Economie Gestion;oui
2025-10-23;Salle de cours 234 (LET-01);LET;45;104;59;TD;XXX-Tutorat_L1 Socio;L1 Sociologie;non
2025-11-04;Salle de cours 234 (LET-01);LET;45;104;59;TD;XXX-Tutorat_L1 Socio;L1 Sociologie;non
2026-02-12;Salle de cours B_B7 (DEG-00);DEG;34;93;59;;XXX-Consultation Copies;L1 AES;non
2026-02-12;Salle de cours 234 (LET-01);LET;45;104;59;;XXX-Consultation_copies_Socio;L1 Sociologie;non
2025-11-12;Salle de cours 107 (LET-00);LET;68;126;58;;réunions LEA;L1 LEA - AE - langues spé;non
2026-04-01;Salle de cours C_C18 (DEG-01);DEG;50;105;55;Cours;Microéconomie appliquée;L3 Economie Gestion;non
2025-09-11;Amphi A_A400 (DEG-00);DEG;400;454;54;;XXX - Réunion d'info DUI;L2 Sociologie;non
2026-04-23;Salle de cours 13 (LET-00);LET;70;124;54;CM;Linguistique S2;L1 LLCER - EA;non
2026-01-27;Amphi C_A120 (DEG-00);DEG;120;172;52;Cours;Stats descriptive / EXCEL;L1 Economie et Gestion;non
2026-02-26;Salle de cours B_B5 (DEG-00);DEG;36;88;52;;XXX consultation copies DEG;M1 juriste d'affaires F/E;non
2026-02-03;Salle de cours C_C18 (DEG-01);DEG;50;101;51;CM;Epreuve 2 : Droit oblig;Prépa concours CFPA;non
2026-03-10;Salle de cours C_C03 (DEG-00);DEG;50;101;51;CM;Epreuve 2 : Droit oblig;Prépa concours CFPA;non
2026-03-17;Salle de cours C_C04 (DEG-00);DEG;50;101;51;CM;Epreuve 2 : Droit oblig;Prépa concours CFPA;non
2026-03-23;Salle de cours C_C04 (DEG-00);DEG;50;101;51;CM;Epreuve 1 : Note synthèse;Prépa concours CFPA;non
2026-03-31;Salle de cours C_C03 (DEG-00);DEG;50;101;51;CM;Epreuve 2 : Droit oblig;Prépa concours CFPA;non
2026-04-20;Salle de cours C_C04 (DEG-00);DEG;50;101;51;CM;Epreuve 1 : Note synthèse;Prépa concours CFPA;non
2026-04-21;Salle de cours C_C18 (DEG-01);DEG;50;101;51;CM;Epreuve 2 : Droit oblig;Prépa concours CFPA;non
2026-04-22;Salle de cours C_C04 (DEG-00);DEG;50;101;51;;Droit des affaires;Prépa concours CFPA;non
2026-04-29;Salle de cours C_C04 (DEG-00);DEG;50;101;51;;Droit des affaires;Prépa concours CFPA;non
2026-02-24;Salle de cours B_B4 (DEG-00);DEG;40;86;46;;XXX consultation copies DEG;M1 Police et Sécu inté;non
2026-04-29;Salle de cours B_B1 (DEG-00);DEG;100;146;46;;XXX-Consultation Copies;L2 Economie Gestion CMI;non
2026-01-29;Salle de cours 30 (LET-02);LET;60;104;44;Réunion;réunions LEA;L3 LEA - AE - écogestion;non
2026-02-24;Salle de cours B_B2 (DEG-00);DEG;76;119;43;;Consultation de copies;L2 Economie Gestion CMI;non
2026-03-12;Salle de cours B_B1 (DEG-00);DEG;100;143;43;Cours;Macroéconomie 3;L2 Economie Gestion CMI;non
2025-12-02;Salle de cours 14 (LET-00);LET;98;140;42;Cours;Civi pays anglo S1;L1 LEA - AE - langues spé;non
2026-04-30;Salle de cours 101 (LET-00);LET;32;74;42;CM;2 Repères chrono 2;L1 Lettres class & modern;non
2025-10-22;Salle de cours 21 (LET-01);LET;28;68;40;;XXX- TUTORAT HIST. ART;L1 HAA;non
2025-12-11;Amphi A_A150 (DEG-00);DEG;150;189;39;Contrôle Continu;XXX-CC Intro à la gestion;L1 Economie Gestion CMI;oui
2026-02-25;Salle de cours B_B3 (DEG-00);DEG;40;76;36;;XXX consultation copies DEG;M1 juriste d'affaires F/E;non
2026-02-09;Salle de cours 307 (LET-02);LET;48;83;35;;Consultation copies phonologie;L2 LLCER - EA;non
2025-12-12;Salle de cours B_B7 (DEG-00);DEG;34;65;31;TD Contrôle Continu;Expresssion française;<L1 Economie et Gestion><Expression française>Groupe 6;oui
2025-12-08;Salle de cours B_B6 (DEG-00);DEG;34;64;30;TD Contrôle Continu;XXX-CC Expression Française;<L1 Economie et Gestion><Expression française>Groupe 1;oui
2026-01-22;Salle de cours 133 (LET-00);LET;44;74;30;TD;1 Littérature française 2;L1 Lettres - CTD;non
2026-02-05;Salle de cours 133 (LET-00);LET;44;74;30;TD;1 Littérature française 2;L1 Lettres - CTD;non
2026-02-12;Salle de cours 133 (LET-00);LET;44;74;30;TD;1 Littérature française 2;L1 Lettres - CTD;non
2026-02-26;Salle de cours 133 (LET-00);LET;44;74;30;TD;1 Littérature française 2;L1 Lettres - CTD;non
2026-03-05;Salle de cours 133 (LET-00);LET;44;74;30;TD;1 Littérature française 2;L1 Lettres - CTD;non
2026-03-12;Salle de cours 133 (LET-00);LET;44;74;30;TD;1 Littérature française 2;L1 Lettres - CTD;non
2026-03-19;Salle de cours 133 (LET-00);LET;44;74;30;TD;1 Littérature française 2;L1 Lettres - CTD;non
2026-03-26;Salle de cours 133 (LET-00);LET;44;74;30;TD;1 Littérature française 2;L1 Lettres - CTD;non
2026-04-23;Salle de cours 133 (LET-00);LET;44;74;30;TD;1 Littérature française 2;L1 Lettres - CTD;non
2025-10-01;Salle de cours B_B2 (DEG-00);DEG;76;105;29;Cours;Éco. bancaire/éco. assura;L3 Economie Gestion;non
2025-10-01;Salle de cours B_B2 (DEG-00);DEG;76;105;29;Cours;Conjoncture et croissance;L3 Economie Gestion;non
2025-10-14;Salle de cours 124 (LET-00);LET;46;74;28;Cours;Tutorat Lettres;L1 Lettres - CTD;non
2025-12-11;Salle de cours 124 (LET-00);LET;46;74;28;CM;3 Initiation à la ling;L1 Lettres - CTD;non
2026-04-28;Salle de cours B_B5 (DEG-00);DEG;36;64;28;Contrôle continu 2;Droit civil S2 TD;<M1 Droit consommation><TD Droit civil>Groupe 2;oui
2026-01-14;Amphi C_A120 (DEG-00);DEG;120;147;27;Cours;Economie de la santé;L3 AES Coord & gestion;non
2026-02-10;Salle de cours 14 (LET-00);LET;98;124;26;;Consultation copies phonologie;L1 LLCER - EA;non
2026-02-26;Salle de cours 10 (LET-00);LET;60;86;26;CM;9 - Hist lit cult art 6;L3 Lettres modernes;non
2026-04-20;Salle de cours 105 (LET-00);LET;48;74;26;CM;1 Littérature française 2;L1 Lettres - CTD;non
2025-12-12;Salle de cours B_B4 (DEG-00);DEG;40;65;25;TD Contrôle Continu;Expresssion française;<L1 AES><TD Expression française>Groupe 6;oui
2026-03-26;Salle de cours B_B2 (DEG-00);DEG;76;101;25;;Dt internat & européen;Prépa concours CFPA;non
2026-03-26;Salle de cours B_B2 (DEG-00);DEG;76;101;25;;Dt internat & européen;Prépa concours CFPA;non
2026-04-24;Salle de cours B_B2 (DEG-00);DEG;76;101;25;CM;Procédure civile;Prépa concours CFPA;non
2026-04-24;Salle de cours B_B2 (DEG-00);DEG;76;101;25;CM;Procédure civile;Prépa concours CFPA;non
2026-03-31;Salle de cours B_B4 (DEG-00);DEG;40;64;24;TD Contrôle Continu;Droit civil S2 TD;<M1 Droit consommation><TD Droit civil>Groupe 1;oui
2025-09-15;Salle de cours 204 (LET-01);LET;20;43;23;;UE2EC4 Forme mémoire en BD;M1 Etudes hispaniques;non
2025-09-17;Salle de cours 204 (LET-01);LET;20;43;23;;UE2EC4 Forme mémoire en BD;M1 Etudes hispaniques;non
2025-09-24;Salle de cours 204 (LET-01);LET;20;43;23;;UE2EC4 Forme mémoire en BD;M1 Etudes hispaniques;non
2025-09-29;Salle de cours 204 (LET-01);LET;20;43;23;;UE2EC4 Forme mémoire en BD;M1 Etudes hispaniques;non
2025-10-01;Salle de cours 204 (LET-01);LET;20;43;23;;UE2EC4 Forme mémoire en BD;M1 Etudes hispaniques;non
2025-10-06;Salle de cours 204 (LET-01);LET;20;43;23;;UE2EC4 Forme mémoire en BD;M1 Etudes hispaniques;non
2025-10-20;Salle de cours 204 (LET-01);LET;20;43;23;;UE2EC4 Forme mémoire en BD;M1 Etudes hispaniques;non
2025-10-21;Salle de cours 204 (LET-01);LET;20;43;23;;UE2EC4 Forme mémoire en BD;M1 Etudes hispaniques;non
2025-10-22;Salle de cours 204 (LET-01);LET;20;43;23;;UE2EC4 Forme mémoire en BD;M1 Etudes hispaniques;non
2025-11-03;Salle de cours 204 (LET-01);LET;20;43;23;;UE2EC4 Forme mémoire en BD;M1 Etudes hispaniques;non
2025-11-12;Salle de cours 204 (LET-01);LET;20;43;23;;UE2EC4 Forme mémoire en BD;M1 Etudes hispaniques;non
2025-12-09;Salle de cours 204 (LET-01);LET;20;43;23;Contrôle Continu;UE2EC2 Picasso au miroir litt;M1 Etudes hispaniques;oui
2026-01-22;Salle de cours 23 (LET-01);LET;80;103;23;CM;Monde moderne;L1 Histoire;non
2026-02-05;Salle de cours 23 (LET-01);LET;80;103;23;CM;Monde moderne;L1 Histoire;non
2026-02-09;Salle de cours 23 (LET-01);LET;80;103;23;CM;Monde moderne;L1 Histoire;non
2026-02-12;Salle de cours 23 (LET-01);LET;80;103;23;CM;Monde moderne;L1 Histoire;non
2026-03-05;Salle de cours 23 (LET-01);LET;80;103;23;CM;Monde moderne;L1 Histoire;non
2026-03-12;Salle de cours 23 (LET-01);LET;80;103;23;CM;Monde moderne;L1 Histoire;non
2026-03-19;Salle de cours 23 (LET-01);LET;80;103;23;CM;Monde moderne;L1 Histoire;non
2026-04-02;Salle de cours 23 (LET-01);LET;80;103;23;CM;Monde moderne;L1 Histoire;non
2026-04-20;Salle de cours 220 (LET-01);LET;60;83;23;Contrôle continu 2;XXX-Devoir Langue orale S4;L2 LLCER - EA;oui
2026-04-21;Salle de cours 32 (LET-02);LET;80;103;23;CM;Monde moderne;L1 Histoire;non
2026-04-23;Salle de cours 23 (LET-01);LET;80;103;23;CM;Monde moderne;L1 Histoire;non
2025-09-09;Amphi A_A150 (DEG-00);DEG;150;172;22;Cours;Intro méthod. quant;L1 Economie et Gestion;non
2025-09-09;Amphi A_A150 (DEG-00);DEG;150;172;22;Cours;Intro méthod. quant;L1 Economie et Gestion;non
2025-12-02;Amphi A_A150 (DEG-00);DEG;150;172;22;Cours;Intro méthod. quant;L1 Economie et Gestion;non
2026-02-10;Salle de cours C_C12 (DEG-01);DEG;34;56;22;;XXX consultation copies DEG;M1 juriste d'affaires F/E;non
2026-02-13;Salle de cours 101 (LET-00);LET;32;54;22;Cours;Restitution copies examens;L3 Lettres modernes;oui
2025-12-09;Salle de cours B_B6 (DEG-00);DEG;34;55;21;TD Contrôle Continu;XXX-CC Expression Française;<L1 Economie et Gestion><Expression française>Groupe 3.;oui
2026-04-29;Salle de cours 108 (LET-00);LET;30;51;21;Oral;1 Litté française et fr 4;L2 Lettres - CTD;oui
2026-04-29;Salle de cours 108 (LET-00);LET;30;51;21;Oral;1 Litté française et fr 4;L2 Lettres - CTD;oui
2025-10-15;Salle de cours 110 (LET-00);LET;48;68;20;;XXX- TUTORAT HIST. ART;L1 HAA;non
2025-12-17;Salle de cours 234 (LET-01);LET;45;65;20;;XXX-Consultation_copies_Socio;L2 Sociologie;non
2026-03-06;Salle de cours 234 (LET-01);LET;45;65;20;;XXX-Consultation_Copies_L2;L2 Sociologie;non
2026-03-13;Salle de cours 234 (LET-01);LET;45;65;20;Rattrapage CC;Lecture commentée;L2 Sociologie;oui
2026-03-16;Salle de cours 234 (LET-01);LET;45;65;20;CM;Epistémologie & Hist Sciences;L2 Sociologie;non
2025-09-09;Salle de cours B_B1 (DEG-00);DEG;100;119;19;Cours;Probabilités;L2 Economie Gestion CMI;non
2025-09-09;Salle de cours B_B1 (DEG-00);DEG;100;119;19;Cours;Probabilités;L2 Economie Gestion CMI;non
2025-09-16;Salle de cours B_B1 (DEG-00);DEG;100;119;19;Cours;Probabilités;L2 Economie Gestion CMI;non
2025-09-16;Salle de cours B_B1 (DEG-00);DEG;100;119;19;Cours;Probabilités;L2 Economie Gestion CMI;non
2025-09-23;Salle de cours B_B1 (DEG-00);DEG;100;119;19;Cours;Probabilités;L2 Economie Gestion CMI;non
2025-09-23;Salle de cours B_B1 (DEG-00);DEG;100;119;19;Cours;Probabilités;L2 Economie Gestion CMI;non
2025-09-30;Salle de cours B_B1 (DEG-00);DEG;100;119;19;Cours;Probabilités;L2 Economie Gestion CMI;non
2025-10-07;Salle de cours B_B1 (DEG-00);DEG;100;119;19;Cours;Probabilités;L2 Economie Gestion CMI;non
2025-10-14;Salle de cours B_B1 (DEG-00);DEG;100;119;19;Cours;Probabilités;L2 Economie Gestion CMI;non
2025-10-21;Salle de cours B_B1 (DEG-00);DEG;100;119;19;Cours;Probabilités;L2 Economie Gestion CMI;non
2025-11-04;Salle de cours B_B1 (DEG-00);DEG;100;119;19;Cours;Probabilités;L2 Economie Gestion CMI;non
2025-11-13;Salle de cours B_B1 (DEG-00);DEG;100;119;19;Cours;Probabilités;L2 Economie Gestion CMI;non
2026-01-20;Salle de cours B_B1 (DEG-00);DEG;100;119;19;Cours;Statistiques inférentiell;L2 Economie Gestion CMI;non
2026-01-20;Salle de cours B_B1 (DEG-00);DEG;100;119;19;Cours;Maths financières/calculs;DU C.M.I ECO DEV 2 ème A;non
2026-01-27;Salle de cours B_B1 (DEG-00);DEG;100;119;19;Cours;Statistiques inférentiell;L2 Economie Gestion CMI;non
2026-01-27;Salle de cours B_B1 (DEG-00);DEG;100;119;19;Cours;Maths financières/calculs;DU C.M.I ECO DEV 2 ème A;non
2026-01-28;Salle de cours B_B1 (DEG-00);DEG;100;119;19;Cours;Microéconomie 3;L2 Economie Gestion CMI;non
2026-02-03;Salle de cours B_B1 (DEG-00);DEG;100;119;19;Cours;Statistiques inférentiell;L2 Economie Gestion CMI;non
2026-02-03;Salle de cours B_B1 (DEG-00);DEG;100;119;19;Cours;Maths financières/calculs;DU C.M.I ECO DEV 2 ème A;non
2026-02-10;Salle de cours B_B1 (DEG-00);DEG;100;119;19;Cours;Statistiques inférentiell;L2 Economie Gestion CMI;non
2026-02-10;Salle de cours B_B1 (DEG-00);DEG;100;119;19;Cours;Maths financières/calculs;DU C.M.I ECO DEV 2 ème A;non
2026-02-24;Salle de cours B_B1 (DEG-00);DEG;100;119;19;Cours;Statistiques inférentiell;L2 Economie Gestion CMI;non
2026-02-24;Salle de cours B_B1 (DEG-00);DEG;100;119;19;Cours;Maths financières/calculs;DU C.M.I ECO DEV 2 ème A;non
2026-03-03;Salle de cours B_B1 (DEG-00);DEG;100;119;19;Cours;Statistiques inférentiell;L2 Economie Gestion CMI;non
2026-03-10;Salle de cours B_B1 (DEG-00);DEG;100;119;19;Cours;Statistiques inférentiell;L2 Economie Gestion CMI;non
2026-03-17;Salle de cours B_B1 (DEG-00);DEG;100;119;19;Cours;Statistiques inférentiell;L2 Economie Gestion CMI;non
2026-03-17;Salle de cours B_B1 (DEG-00);DEG;100;119;19;Cours;Maths financières/calculs;DU C.M.I ECO DEV 2 ème A;non
2026-03-24;Salle de cours B_B1 (DEG-00);DEG;100;119;19;Cours;Statistiques inférentiell;L2 Economie Gestion CMI;non
2026-04-29;Salle de cours 101 (LET-00);LET;32;51;19;Oral;1 Litté française et fr 4;L2 Lettres classiques;oui
2026-04-29;Salle de cours 101 (LET-00);LET;32;51;19;Oral;1 Litté française et fr 4;L2 Lettres classiques;oui
2025-10-17;Salle de cours 21 (LET-01);LET;28;46;18;TD;Mathématiques S5;L3 Histoire - ER;non
2025-10-21;Salle de cours 109 (LET-00);LET;40;58;18;CM;Mondes modernes;L2 Histoire;non
2025-11-03;Salle de cours 109 (LET-00);LET;40;58;18;CM;Mondes modernes;L2 Histoire;non
2025-11-10;Amphi A_A400 (DEG-00);DEG;400;418;18;;Intro gestion CM;L1 Economie et Gestion;non
2026-02-25;Salle de cours B_B1 (DEG-00);DEG;100;117;17;;XXX-Consultation Copies;<L3 Droit>Colo droit des affaires;non
2025-10-23;Salle de cours 234bis (LET-01);LET;20;36;16;;XXX_RDV_AOA_L1_Géo;L1 Géo Aménagement;non
2026-04-23;Salle de cours 20 (LET-01);LET;45;61;16;CM;Civi pays angl S6;L3 LEA - AE - écogestion;non
2025-11-04;Salle de cours B_B207 (DEG-02);DEG;25;40;15;Contrôle Continu;XXX EXAMEN Blanc;<L3 Droit>Colo droit des affaires;oui
2025-09-25;Salle de cours 234bis (LET-01);LET;20;34;14;CM;UE13EC4 Les études de genre;M2 Etudes hispaniques;non
2025-10-16;Salle de cours 234bis (LET-01);LET;20;34;14;CM;UE13EC4 Les études de genre;M2 Etudes hispaniques;non
2025-11-06;Salle de cours 234bis (LET-01);LET;20;34;14;CM;UE13EC4 Les études de genre;M2 Etudes hispaniques;non
2025-11-13;Salle de cours 234bis (LET-01);LET;20;34;14;CM;UE13EC4 Les études de genre;M2 Etudes hispaniques;non
2025-11-20;Salle de cours 234bis (LET-01);LET;20;34;14;CM;UE13EC4 Les études de genre;M2 Etudes hispaniques;non
2025-11-27;Salle de cours 234bis (LET-01);LET;20;34;14;CM;UE13EC4 Les études de genre;M2 Etudes hispaniques;non
2025-12-12;Salle de cours 234bis (LET-01);LET;20;34;14;CM;UE13EC4 Les études de genre;M2 Etudes hispaniques;non
2025-12-15;Salle de cours 10 (LET-00);LET;60;74;14;CM;1 Littérature française 1;L1 Lettres - CTD;non
2026-03-02;Salle de cours/informatique C_C02 (DEG-00);DEG;30;44;14;TD;Enquête de terrain;L3 AES Gestion des entrep;non
2025-09-16;Amphi A_A150 (DEG-00);DEG;150;163;13;Cours;Intro méthod. quant;L1 Economie et Gestion;non
2025-09-16;Amphi A_A150 (DEG-00);DEG;150;163;13;Cours;Intro méthod. quant;L1 Economie et Gestion;non
2025-09-23;Amphi A_A150 (DEG-00);DEG;150;163;13;Cours;Intro méthod. quant;L1 Economie et Gestion;non
2025-09-23;Amphi A_A150 (DEG-00);DEG;150;163;13;Cours;Intro méthod. quant;L1 Economie et Gestion;non
2025-10-03;Salle de cours 301 (LET-02);LET;70;83;13;;Réunion d'information L2;L2 LLCER - EA;non
2025-10-07;Amphi A_A150 (DEG-00);DEG;150;163;13;Cours;Intro méthod. quant;L1 Economie et Gestion;non
2025-10-14;Amphi A_A150 (DEG-00);DEG;150;163;13;Cours;Intro méthod. quant;L1 Economie et Gestion;non
2025-11-04;Amphi A_A150 (DEG-00);DEG;150;163;13;Cours;Intro méthod. quant;L1 Economie et Gestion;non
2025-11-10;Salle de cours 204 (LET-01);LET;20;33;13;;UE2EC4 Forme mémoire en BD;M1 Lettres et arts;non
2025-11-12;Salle de cours 204 (LET-01);LET;20;33;13;TD;1 Initiation à la langue;<L1 Lettres - CTD><L1 CTD S1 Groupes de TD>L1 LCTD S1 TD1;non
2025-11-18;Amphi A_A150 (DEG-00);DEG;150;163;13;Cours;Intro méthod. quant;L1 Economie et Gestion;non
2025-11-19;Salle de cours 204 (LET-01);LET;20;33;13;TD;1 Initiation à la langue;<L1 Lettres - CTD><L1 CTD S1 Groupes de TD>L1 LCTD S1 TD1;non
2025-11-26;Salle de cours 204 (LET-01);LET;20;33;13;TD;1 Initiation à la langue;<L1 Lettres - CTD><L1 CTD S1 Groupes de TD>L1 LCTD S1 TD1;non
2025-12-02;Amphi A_A150 (DEG-00);DEG;150;163;13;Cours;Intro méthod. quant;L1 Economie et Gestion;non
2025-12-03;Salle de cours 204 (LET-01);LET;20;33;13;TD;1 Initiation à la langue;<L1 Lettres - CTD><L1 CTD S1 Groupes de TD>L1 LCTD S1 TD1;non
2025-09-15;Salle de cours 234bis (LET-01);LET;20;32;12;;1 Démarches spé;M2 FLE;non
2025-10-14;Salle de cours 204 (LET-01);LET;20;32;12;Cours;Sources iconographiques;M1 HCP - Arts archéo;non
2025-10-20;Salle de cours 234bis (LET-01);LET;20;32;12;;2 Enseigner en UPE2A;M2 FLE;non
2025-11-03;Salle de cours 234bis (LET-01);LET;20;32;12;;1 Gestion d'un cours;M2 FLE;non
2025-11-10;Salle de cours 234bis (LET-01);LET;20;32;12;;1 Gestion d'un cours;M2 FLE;non
2026-01-06;Salle de cours 234bis (LET-01);LET;20;32;12;;2 Enseigner en UPE2A;M2 FLE;non
2026-02-09;Salle de cours 307 (LET-02);LET;48;60;12;;Consultation copies phonologie;L3 LLCER - EA - FLE;non
2025-09-12;Salle de cours C_C12 (DEG-01);DEG;34;45;11;;Restitution visite Cap Ecol;M1 Cadre Sanit. Social;non
2026-01-21;Salle de cours 101 (LET-00);LET;32;43;11;CM;UE7 EC2 Littté et musique;M1 Etudes hispaniques;non
2026-02-11;Salle de cours C_C03 (DEG-00);DEG;50;61;11;Cours;Intro au droit fiscal CM;<L3 Droit>Colo droits et libertés;non
2026-02-25;Salle de cours 101 (LET-00);LET;32;43;11;CM;UE7 EC2 Littté et musique;M1 Etudes hispaniques;non
2026-03-04;Salle de cours C_C03 (DEG-00);DEG;50;61;11;Cours;Intro au droit fiscal CM;<L3 Droit>Colo droits et libertés;non
2025-11-04;Salle de cours/informatique C_C02 (DEG-00);DEG;30;40;10;Contrôle Continu;XXX EXAMEN Blanc;L2 AES;oui
2026-03-19;Salle de cours 108 (LET-00);LET;30;40;10;CM;1 Littérature française 2;L1 Lettres class & modern;non
2026-03-24;Salle de cours 108 (LET-00);LET;30;40;10;TD;PEP'S 1;<L1 LLCER - EA><groupes TD>TD A;non
2025-09-10;Salle de cours 21 (LET-01);LET;28;37;9;CM;1 Transition changement;M1 Transitions env.;non
2025-09-11;Amphi A_A150 (DEG-00);DEG;150;159;9;Cours;Comptabilité 2;L2 Economie Gestion CMI;non
2025-09-15;Salle de cours 107 (LET-00);LET;68;77;9;;Réunion Rentrée Master Lilac;M2 Etudes hispaniques;non
2025-09-17;Salle de cours 21 (LET-01);LET;28;37;9;CM;1 Transition changement;M1 Transitions env.;non
2025-09-24;Salle de cours 21 (LET-01);LET;28;37;9;CM;1 Transition changement;M1 Transitions env.;non
2025-10-08;Salle de cours 21 (LET-01);LET;28;37;9;CM;1 Transition changement;M1 Transitions env.;non
2025-10-15;Salle de cours 21 (LET-01);LET;28;37;9;Cours;1 Transition changement;M1 Transitions env.;non
2025-11-04;Salle de cours B_B211 (DEG-02);DEG;30;39;9;CM;Eco & politique environ;M1 Commun Éco appliquée;non
2025-11-12;Salle de cours 21 (LET-01);LET;28;37;9;CM Contrôle Continu;2 Transition et changemen;M1 Transitions env.;oui
2025-11-19;Salle de cours 21 (LET-01);LET;28;37;9;CM;2 Transition et changemen;M1 Transitions env.;non
2025-11-26;Salle de cours 21 (LET-01);LET;28;37;9;CM;2 Transition et changemen;M1 Transitions env.;non
2025-12-03;Salle de cours 203 (LET-01);LET;18;27;9;Cours;2 Pré-Mémoire;M1 Tourisme;non
2025-12-03;Salle de cours 21 (LET-01);LET;28;37;9;CM;2 Transition et changemen;M1 Transitions env.;non
2025-12-10;Salle de cours 21 (LET-01);LET;28;37;9;CM;2 Transition et changemen;M1 Transitions env.;non
2025-12-17;Salle de cours 21 (LET-01);LET;28;37;9;Contrôle Continu;2 Transition et changemen;M1 Transitions env.;oui
2025-12-18;Salle de cours B_B5 (DEG-00);DEG;36;45;9;TD Contrôle Continu;TD Economie et Soutenabilité;<L1 Economie et Gestion><Economie et soutenabilité>Groupe 3;oui
2025-09-10;Salle de cours 204 (LET-01);LET;20;28;8;TD;2 Initiation langue lat;<L1 Lettres class & modern><L1 LCM S1 Groupes de TD>L1 LCM S1 TD2;non
2025-09-17;Salle de cours 204 (LET-01);LET;20;28;8;TD;2 Initiation langue lat;<L1 Lettres class & modern><L1 LCM S1 Groupes de TD>L1 LCM S1 TD2;non
2025-09-24;Salle de cours 204 (LET-01);LET;20;28;8;TD;2 Initiation langue lat;<L1 Lettres class & modern><L1 LCM S1 Groupes de TD>L1 LCM S1 TD2;non
2025-10-01;Salle de cours 204 (LET-01);LET;20;28;8;TD;2 Initiation langue lat;<L1 Lettres class & modern><L1 LCM S1 Groupes de TD>L1 LCM S1 TD2;non
2025-10-22;Salle de cours 204 (LET-01);LET;20;28;8;TD;2 Initiation langue lat;<L1 Lettres class & modern><L1 LCM S1 Groupes de TD>L1 LCM S1 TD2;non
2025-11-12;Salle de cours 10 (LET-00);LET;60;68;8;;XXX- TUTORAT HIST. ART;L1 HAA;non
2025-11-12;Salle de cours 204 (LET-01);LET;20;28;8;TD;2 Initiation langue lat;<L1 Lettres class & modern><L1 LCM S1 Groupes de TD>L1 LCM S1 TD2;non
2025-11-19;Salle de cours 204 (LET-01);LET;20;28;8;TD;2 Initiation langue lat;<L1 Lettres class & modern><L1 LCM S1 Groupes de TD>L1 LCM S1 TD2;non
2025-12-03;Salle de cours 204 (LET-01);LET;20;28;8;TD;2 Initiation langue lat;<L1 Lettres class & modern><L1 LCM S1 Groupes de TD>L1 LCM S1 TD2;non
2025-12-10;Salle de cours 10 (LET-00);LET;60;68;8;;XXX- TUTORAT HIST. ART;L1 HAA;non
2025-12-10;Salle de cours 204 (LET-01);LET;20;28;8;TD;2 Initiation langue lat;<L1 Lettres class & modern><L1 LCM S1 Groupes de TD>L1 LCM S1 TD2;non
2026-01-20;Salle de cours B_B1 (DEG-00);DEG;100;108;8;Cours;Statistiques inférentiell;L2 Economie Gestion;non
2026-01-27;Salle de cours B_B1 (DEG-00);DEG;100;108;8;Cours;Statistiques inférentiell;L2 Economie Gestion;non
2026-03-18;Salle de cours 10 (LET-00);LET;60;68;8;CM;Art en Europe au XVe s;L1 HAA;non
2026-04-29;Salle de cours 31 (LET-02);LET;60;68;8;CM;Intiat arch antiq médiéva;L1 HAA;non
2026-01-19;Salle de cours 234bis (LET-01);LET;20;27;7;TP;Langue orale S6;<L3 LLCER - EA - ER><Groupes langue orale>TP 1 A2;non
2026-01-26;Salle de cours 234bis (LET-01);LET;20;27;7;TP;Langue orale S6;<L3 LLCER - EA - ER><Groupes langue orale>TP 1 A2;non
2026-02-02;Salle de cours 234bis (LET-01);LET;20;27;7;TP;Langue orale S6;<L3 LLCER - EA - ER><Groupes langue orale>TP 1 A2;non
2026-02-09;Salle de cours 234bis (LET-01);LET;20;27;7;TP;Langue orale S6;<L3 LLCER - EA - ER><Groupes langue orale>TP 1 A2;non
2026-02-12;Salle de cours 133 (LET-00);LET;44;51;7;Cours;2 Culture générale 2;L2 Lettres classiques;non
2026-02-23;Salle de cours 234bis (LET-01);LET;20;27;7;TP;Langue orale S6;<L3 LLCER - EA - ER><Groupes langue orale>TP 1 A2;non
2026-03-02;Salle de cours 234bis (LET-01);LET;20;27;7;TP;Langue orale S6;<L3 LLCER - EA - ER><Groupes langue orale>TP 1 A2;non
2026-03-09;Salle de cours 234bis (LET-01);LET;20;27;7;TP;Langue orale S6;<L3 LLCER - EA - ER><Groupes langue orale>TP 1 A2;non
2026-03-16;Salle de cours 234bis (LET-01);LET;20;27;7;TP;Langue orale S6;<L3 LLCER - EA - ER><Groupes langue orale>TP 1 A2;non
2026-03-23;Salle de cours 234bis (LET-01);LET;20;27;7;TP;Langue orale S6;<L3 LLCER - EA - ER><Groupes langue orale>TP 1 A2;non
2026-03-30;Salle de cours 234bis (LET-01);LET;20;27;7;TP;Langue orale S6;<L3 LLCER - EA - ER><Groupes langue orale>TP 1 A2;non
2026-03-30;Salle de cours 133 (LET-00);LET;44;51;7;TD;1 Litté française et fr 4;L2 Lettres classiques;non
2026-03-30;Salle de cours 133 (LET-00);LET;44;51;7;CM;1 Litté française et fr 4;L2 Lettres classiques;non
2026-04-20;Salle de cours 234bis (LET-01);LET;20;27;7;TP;Langue orale S6;<L3 LLCER - EA - ER><Groupes langue orale>TP 1 A2;non
2026-04-27;Salle de cours 234bis (LET-01);LET;20;27;7;TP;Langue orale S6;<L3 LLCER - EA - ER><Groupes langue orale>TP 1 A2;non
2026-04-29;Salle de cours 133 (LET-00);LET;44;51;7;Oral;1 Litté française et fr 4;L2 Lettres - CTD;oui
2025-09-30;Salle de cours 203 (LET-01);LET;18;24;6;Cours;2 Montage Projet vidéo;M2 Tourisme;non
2025-10-07;Salle de cours 203 (LET-01);LET;18;24;6;Cours;2 Montage Projet vidéo;M2 Tourisme;non
2025-11-05;Salle de cours 203 (LET-01);LET;18;24;6;Cours;2 Nouvelles attentes;M2 Tourisme;non
2025-12-01;Salle de cours 107 (LET-00);LET;68;74;6;;réunions LEA;L2 LEA - AA - écogestion;non
2025-12-09;Salle de cours 203 (LET-01);LET;18;24;6;Cours;2 Montage Projet vidéo;M2 Tourisme;non
2025-12-10;Salle de cours 120 (LET-00);LET;62;68;6;TD Contrôle Continu;Culture historique;L1 HAA;oui
2026-01-19;Salle de cours 120 (LET-00);LET;62;68;6;CM;Arts et techniques;L1 HAA;non
2026-01-20;Salle de cours 120 (LET-00);LET;62;68;6;CM;Initiation à l'art actuel;L1 HAA;non
2026-01-20;Salle de cours 120 (LET-00);LET;62;68;6;CM;Art en Europe au XVe s;L1 HAA;non
2026-01-26;Salle de cours 120 (LET-00);LET;62;68;6;CM;Arts et techniques;L1 HAA;non
2026-01-27;Salle de cours 120 (LET-00);LET;62;68;6;CM;Initiation à l'art actuel;L1 HAA;non
2026-01-27;Salle de cours 120 (LET-00);LET;62;68;6;CM;Art en Europe au XVe s;L1 HAA;non
2026-02-02;Salle de cours 120 (LET-00);LET;62;68;6;CM;Arts et techniques;L1 HAA;non
2026-02-03;Salle de cours 203 (LET-01);LET;18;24;6;TD;3 Conception & gestion;M2 Tourisme;non
2026-02-03;Salle de cours 120 (LET-00);LET;62;68;6;CM;Initiation à l'art actuel;L1 HAA;non
2026-02-03;Salle de cours 120 (LET-00);LET;62;68;6;CM;Art en Europe au XVe s;L1 HAA;non
2026-02-04;Salle de cours 21 (LET-01);LET;28;34;6;CM;18 - Ges proj cult 2;L1 Lettres - CTD;non
2026-02-09;Salle de cours 120 (LET-00);LET;62;68;6;CM;Arts et techniques;L1 HAA;non
2026-02-10;Salle de cours 120 (LET-00);LET;62;68;6;CM;Initiation à l'art actuel;L1 HAA;non
2026-02-23;Salle de cours 120 (LET-00);LET;62;68;6;CM;Arts et techniques;L1 HAA;non
2026-02-23;Salle de cours B_B6 (DEG-00);DEG;34;40;6;Cours;PAC CM;<L3 Droit>Colo droits et libertés;non
2026-02-24;Salle de cours 120 (LET-00);LET;62;68;6;CM;Initiation à l'art actuel;L1 HAA;non
2026-02-24;Salle de cours 120 (LET-00);LET;62;68;6;CM;Art en Europe au XVe s;L1 HAA;non
2026-03-02;Salle de cours 120 (LET-00);LET;62;68;6;CM;Arts et techniques;L1 HAA;non
2026-03-03;Salle de cours 120 (LET-00);LET;62;68;6;CM;Initiation à l'art actuel;L1 HAA;non
2026-03-03;Salle de cours 120 (LET-00);LET;62;68;6;CM;Art en Europe au XVe s;L1 HAA;non
2026-03-09;Salle de cours 120 (LET-00);LET;62;68;6;CM;Arts et techniques;L1 HAA;non
2026-03-10;Salle de cours 120 (LET-00);LET;62;68;6;CM;Initiation à l'art actuel;L1 HAA;non
2026-03-10;Salle de cours 120 (LET-00);LET;62;68;6;CM;Art en Europe au XVe s;L1 HAA;non
2026-03-13;Salle de cours C_C16 (DEG-01);DEG;38;44;6;Contrôle Continu;Drt sanction pénale CM;M1 Police et Sécu inté;oui
2026-03-16;Salle de cours 120 (LET-00);LET;62;68;6;CM;Arts et techniques;L1 HAA;non
2026-03-17;Salle de cours 120 (LET-00);LET;62;68;6;CM;Art en Europe au XVe s;L1 HAA;non
2026-03-23;Salle de cours 223 (LET-01);LET;40;46;6;CM;Civilisation S6;L3 LLCER - EA - ER;non
2026-03-23;Salle de cours 223 (LET-01);LET;40;46;6;TD;Civilisation S6;L3 LLCER - EA - ER;non
2026-03-31;Salle de cours 120 (LET-00);LET;62;68;6;CM;Initiation à l'art actuel;L1 HAA;non
2026-03-31;Salle de cours 120 (LET-00);LET;62;68;6;CM;Art en Europe au XVe s;L1 HAA;non
2026-04-20;Salle de cours 120 (LET-00);LET;62;68;6;CM;Initiation à l'art actuel;L1 HAA;non
2026-04-21;Salle de cours 120 (LET-00);LET;62;68;6;CM;Initiation à l'art actuel;L1 HAA;non
2026-04-21;Salle de cours 120 (LET-00);LET;62;68;6;CM;Art en Europe au XVe s;L1 HAA;non
2026-04-28;Salle de cours 120 (LET-00);LET;62;68;6;CM;Arts et techniques;L1 HAA;non
2025-09-12;Salle de cours C_C11 (DEG-01);DEG;40;45;5;;Restitution visite Cap Ecol;M2  Cadre Sanit. Social;non
2025-11-12;Salle de cours 217 (LET-01);LET;24;29;5;Cours;1 Sémin Histoire/Anthropo;M1 HCP- Histoire Anthropo;non
2025-11-24;Salle de cours 10 (LET-00);LET;60;65;5;Cours;Objets et théories socio;L2 Sociologie;non
2025-11-26;Salle de cours B_B1 (DEG-00);DEG;100;105;5;TD;Éco. bancaire/éco. assura;L3 Economie Gestion;non
2025-12-01;Salle de cours 108 (LET-00);LET;30;35;5;Cours;2 Arts;M1 HCP - Arts archéo;non
2025-12-11;Salle de cours B_B7 (DEG-00);DEG;34;39;5;Contrôle Continu;TD Macroéconomie;L2 LEA - AA - écogestion;oui
2025-12-15;Salle de cours C_C13 (DEG-01);DEG;40;45;5;Visio;Dt pénal inter.;D.U Sc criminelles;non
2026-01-05;Salle de cours 22 (LET-01);LET;32;37;5;CM;1 Orientations strat;M2 Transitions env;non
2026-01-05;Salle de cours 22 (LET-01);LET;32;37;5;CM;1 Orientations strat;M2 Transitions env;non
2026-01-12;Salle de cours 22 (LET-01);LET;32;37;5;TD;1 Orientations strat;M2 Transitions env;non
2026-01-12;Salle de cours 22 (LET-01);LET;32;37;5;TD;1 Orientations strat;M2 Transitions env;non
2026-01-19;Salle de cours 22 (LET-01);LET;32;37;5;TD;1 Orientations strat;M2 Transitions env;non
2026-01-19;Salle de cours 22 (LET-01);LET;32;37;5;TD;1 Orientations strat;M2 Transitions env;non
2026-01-22;Salle de cours B_B1 (DEG-00);DEG;100;105;5;Cours;Droit pénal spécial;CERTIF SC CRIM;non
2026-01-22;Salle de cours B_B1 (DEG-00);DEG;100;105;5;Cours;Droit pénal spécial;CERTIF SC CRIM;non
2026-03-25;Salle de cours B_B1 (DEG-00);DEG;100;105;5;Cours;Microéconomie appliquée;L3 Economie Gestion;non
2026-03-26;Salle de cours 124 (LET-00);LET;46;51;5;CM;2 Stylistique 2;L2 Lettres classiques;non
2026-03-26;Salle de cours 124 (LET-00);LET;46;51;5;CM;2 Stylistique 2;L2 Lettres - CTD;non
2026-04-29;Salle de cours 124 (LET-00);LET;46;51;5;Oral;1 Litté française et fr 4;L2 Lettres classiques;oui
2025-09-09;Salle de cours 20 (LET-01);LET;45;49;4;;Accueil M2 FLE;M1 FLE;non
2025-09-22;Salle de cours B_B7 (DEG-00);DEG;34;38;4;CM;Champ médico social;D.U CNC Mand judiciaire;non
2025-09-22;Salle de cours B_B7 (DEG-00);DEG;34;38;4;CM;gestion Admin / budget;D.U CNC Mand judiciaire;non
2025-09-24;Salle de cours B_B7 (DEG-00);DEG;34;38;4;CM;gestion Admin / budget;D.U CNC Mand judiciaire;non
2025-09-24;Salle de cours B_B7 (DEG-00);DEG;34;38;4;CM;Intervention et aide pers;D.U CNC Mand judiciaire;non
2025-09-25;Salle de cours B_B7 (DEG-00);DEG;34;38;4;CM;Champ médico social;D.U CNC Mand judiciaire;non
2025-09-25;Salle de cours B_B7 (DEG-00);DEG;34;38;4;CM;Champ médico social;D.U CNC Mand judiciaire;non
2025-09-26;Salle de cours B_B7 (DEG-00);DEG;34;38;4;CM;Le mandataire judiciaire;D.U CNC Mand judiciaire;non
2025-09-26;Amphi A_A150 (DEG-00);DEG;150;154;4;;XXX-Projet Martinique eau;L2 Economie Gestion CMI;non
2025-09-26;Salle de cours B_B7 (DEG-00);DEG;34;38;4;CM;Le mandataire judiciaire;D.U CNC Mand judiciaire;non
2025-10-09;Salle de cours 203 (LET-01);LET;18;22;4;Cours;2 Collectivités territori;M1 Transitions env.;non
2025-10-13;Salle de cours B_B7 (DEG-00);DEG;34;38;4;;Restitution visite Cap Ecol;D.U CNC Mand judiciaire;non
2025-10-13;Salle de cours B_B7 (DEG-00);DEG;34;38;4;CM;Entraînement epreuve de Droit;D.U CNC Mand judiciaire;non
2025-10-14;Salle de cours B_B7 (DEG-00);DEG;34;38;4;CM;Entraînement epreuve de Droit;D.U CNC Mand judiciaire;non
2025-10-14;Salle de cours B_B6 (DEG-00);DEG;34;38;4;CM;Entraînement epreuve de Droit;D.U CNC Mand judiciaire;non
2025-10-15;Salle de cours B_B7 (DEG-00);DEG;34;38;4;CM;Connaissance des publics;D.U CNC Mand judiciaire;non
2025-10-15;Salle de cours B_B7 (DEG-00);DEG;34;38;4;CM;Connaissance des publics;D.U CNC Mand judiciaire;non
2025-10-16;Salle de cours B_B7 (DEG-00);DEG;34;38;4;CM;Intervention et aide pers;D.U CNC Mand judiciaire;non
2025-10-16;Salle de cours B_B7 (DEG-00);DEG;34;38;4;CM;Intervention et aide pers;D.U CNC Mand judiciaire;non
2025-11-04;Salle de cours 234bis (LET-01);LET;20;24;4;Cours;2 Nouvelles attentes;M2 Tourisme;non
2025-11-06;Salle de cours 203 (LET-01);LET;18;22;4;Cours;1 Préparation au stage;M1 Transitions env.;non
2025-12-01;Salle de cours B_B7 (DEG-00);DEG;34;38;4;Oral;Champ médico social;D.U CNC Mand judiciaire;oui
2025-12-01;Salle de cours B_B7 (DEG-00);DEG;34;38;4;Soutenance;Rapport de stage;D.U CNC Mand judiciaire;oui
2025-12-02;Salle de cours B_B7 (DEG-00);DEG;34;38;4;;Restitution visite Cap Ecol;D.U CNC Mand judiciaire;non
2025-12-02;Salle de cours B_B7 (DEG-00);DEG;34;38;4;;Restitution visite Cap Ecol;D.U CNC Mand judiciaire;non
2025-12-03;Salle de cours B_B7 (DEG-00);DEG;34;38;4;Soutenance;Déontologie et analyse;D.U CNC Mand judiciaire;oui
2025-12-03;Salle de cours B_B7 (DEG-00);DEG;34;38;4;Soutenance;Déontologie et analyse;D.U CNC Mand judiciaire;oui
2025-12-04;Salle de cours B_B7 (DEG-00);DEG;34;38;4;Oral;Champ médico social;D.U CNC Mand judiciaire;oui
2025-12-04;Salle de cours B_B7 (DEG-00);DEG;34;38;4;Soutenance;Rapport de stage;D.U CNC Mand judiciaire;oui
2025-12-05;Salle de cours B_B7 (DEG-00);DEG;34;38;4;Soutenance;Déontologie et analyse;D.U CNC Mand judiciaire;oui
2025-12-05;Salle de cours B_B7 (DEG-00);DEG;34;38;4;Soutenance;Déontologie et analyse;D.U CNC Mand judiciaire;oui
2025-12-18;Salle de cours 114 (LET-00);LET;48;52;4;Réunion;Réunion L3 PPPE;L3 Lettres PPPE;non
2026-01-09;Salle de cours 203 (LET-01);LET;18;22;4;CM;1 Risque, envir, amenagem;M1 Transitions env.;non
2026-01-09;Salle de cours 203 (LET-01);LET;18;22;4;CM;1 Hist relation soc/natur;M1 Transitions env.;non
2026-01-12;Salle de cours B_B7 (DEG-00);DEG;34;38;4;CM;Droits et procédures;D.U CNC Mand judiciaire;non
2026-01-12;Salle de cours B_B7 (DEG-00);DEG;34;38;4;CM;Droits et procédures;D.U CNC Mand judiciaire;non
2026-01-13;Salle de cours B_B7 (DEG-00);DEG;34;38;4;CM;Droits et procédures;D.U CNC Mand judiciaire;non
2026-01-13;Salle de cours C_C12 (DEG-01);DEG;34;38;4;CM;Droit de la concurrence;M2 Droit consommation;non
2026-01-13;Salle de cours B_B7 (DEG-00);DEG;34;38;4;CM;Droits et procédures;D.U CNC Mand judiciaire;non
2026-01-14;Salle de cours B_B7 (DEG-00);DEG;34;38;4;CM;Droits et procédures;D.U CNC Mand judiciaire;non
2026-01-14;Salle de cours B_B7 (DEG-00);DEG;34;38;4;CM;Droits et procédures;D.U CNC Mand judiciaire;non
2026-01-15;Salle de cours B_B7 (DEG-00);DEG;34;38;4;CM;Droits et procédures;D.U CNC Mand judiciaire;non
2026-01-15;Salle de cours B_B7 (DEG-00);DEG;34;38;4;CM;Droits et procédures;D.U CNC Mand judiciaire;non
2026-01-16;Salle de cours B_B7 (DEG-00);DEG;34;38;4;CM;Droits et procédures;D.U CNC Mand judiciaire;non
2026-01-16;Salle de cours B_B7 (DEG-00);DEG;34;38;4;CM;Droits et procédures;D.U CNC Mand judiciaire;non
2026-01-16;Salle de cours B_B7 (DEG-00);DEG;34;38;4;CM;gestion Admin / budget;D.U CNC Mand judiciaire;non
2026-01-20;Salle de cours 234bis (LET-01);LET;20;24;4;CM;2 Nx modèles d'entr touri;M2 Tourisme;non
2026-01-23;Salle de cours 203 (LET-01);LET;18;22;4;CM;1 Hist relation soc/natur;M1 Transitions env.;non
2026-02-02;Salle de cours B_B7 (DEG-00);DEG;34;38;4;CM;gestion Admin / budget;D.U CNC Mand judiciaire;non
2026-02-02;Salle de cours B_B7 (DEG-00);DEG;34;38;4;CM;gestion Admin / budget;D.U CNC Mand judiciaire;non
2026-02-03;Salle de cours B_B7 (DEG-00);DEG;34;38;4;Autonomie;Entraînement epreuve de Droit;D.U CNC Mand judiciaire;non
2026-02-03;Salle de cours C_C12 (DEG-01);DEG;34;38;4;CM;Droit de la concurrence;M2 Droit consommation;non
2026-02-03;Salle de cours B_B7 (DEG-00);DEG;34;38;4;Autonomie;Entraînement epreuve de Droit;D.U CNC Mand judiciaire;non
2026-02-04;Salle de cours B_B7 (DEG-00);DEG;34;38;4;CM;Champ médico social;D.U CNC Mand judiciaire;non
2026-02-04;Salle de cours B_B7 (DEG-00);DEG;34;38;4;Autonomie;Entraînement epreuve de Droit;D.U CNC Mand judiciaire;non
2026-02-04;Salle de cours C_C12 (DEG-01);DEG;34;38;4;CM;Droit de la concurrence;M2 Droit consommation;non
2026-02-05;Salle de cours B_B7 (DEG-00);DEG;34;38;4;CM;gestion Admin / budget;D.U CNC Mand judiciaire;non
2026-02-05;Salle de cours B_B7 (DEG-00);DEG;34;38;4;CM;gestion Admin / budget;D.U CNC Mand judiciaire;non
2026-02-06;Salle de cours B_B7 (DEG-00);DEG;34;38;4;CM;Protection de la personne;D.U CNC Mand judiciaire;non
2026-02-06;Salle de cours B_B7 (DEG-00);DEG;34;38;4;CM;Protection de la personne;D.U CNC Mand judiciaire;non
2026-02-12;Salle de cours 203 (LET-01);LET;18;22;4;Autonomie;1 Diagnostic territoire;M1 Transitions env.;non
2026-02-13;Salle de cours 203 (LET-01);LET;18;22;4;Contrôle Continu;1 Hist relation soc/natur;M1 Transitions env.;oui
2026-03-03;Salle de cours C_C17 (DEG-01);DEG;40;44;4;TD;Enquête de terrain;L3 AES Gestion des entrep;non
2026-03-13;Salle de cours B_B3 (DEG-00);DEG;40;44;4;CM Contrôle Continu;Fiscalité appli aux ets 2;L3 AES Gestion des entrep;oui
2026-03-16;Salle de cours B_B7 (DEG-00);DEG;34;38;4;CM;Le mandataire judiciaire;D.U CNC Mand judiciaire;non
2026-03-16;Salle de cours B_B7 (DEG-00);DEG;34;38;4;CM;Le mandataire judiciaire;D.U CNC Mand judiciaire;non
2026-03-17;Salle de cours B_B7 (DEG-00);DEG;34;38;4;CM;Droits et procédures;D.U CNC Mand judiciaire;non
2026-03-17;Salle de cours B_B7 (DEG-00);DEG;34;38;4;CM;Droits et procédures;D.U CNC Mand judiciaire;non
2026-03-18;Salle de cours B_B7 (DEG-00);DEG;34;38;4;CM;Champ médico social;D.U CNC Mand judiciaire;non
2026-03-18;Salle de cours B_B7 (DEG-00);DEG;34;38;4;CM;Protection de la personne;D.U CNC Mand judiciaire;non
2026-03-19;Salle de cours B_B7 (DEG-00);DEG;34;38;4;CM;gestion Admin / budget;D.U CNC Mand judiciaire;non
2026-03-19;Salle de cours B_B7 (DEG-00);DEG;34;38;4;CM;gestion Admin / budget;D.U CNC Mand judiciaire;non
2026-03-20;Salle de cours B_B7 (DEG-00);DEG;34;38;4;CM;Protection de la personne;D.U CNC Mand judiciaire;non
2026-03-20;Salle de cours B_B7 (DEG-00);DEG;34;38;4;CM;Protection de la personne;D.U CNC Mand judiciaire;non
2026-04-20;Salle de cours B_B7 (DEG-00);DEG;34;38;4;CM;gestion Admin / budget;D.U CNC Mand judiciaire;non
2026-04-20;Salle de cours B_B7 (DEG-00);DEG;34;38;4;CM;gestion Admin / budget;D.U CNC Mand judiciaire;non
2026-04-21;Salle de cours B_B7 (DEG-00);DEG;34;38;4;CM;Gestion fiscale/ partimoi;D.U CNC Mand judiciaire;non
2026-04-21;Salle de cours B_B7 (DEG-00);DEG;34;38;4;CM;Gestion fiscale/ partimoi;D.U CNC Mand judiciaire;non
2026-04-21;Salle de cours 21 (LET-01);LET;28;32;4;Cours;1 Atelier d'écriture;M2 HCP - Arts Archéo;non
2026-04-22;Salle de cours B_B7 (DEG-00);DEG;34;38;4;CM;Gestion fiscale/ partimoi;D.U CNC Mand judiciaire;non
2026-04-22;Salle de cours B_B7 (DEG-00);DEG;34;38;4;Autonomie;Entraînement epreuve de Droit;D.U CNC Mand judiciaire;non
2026-04-23;Salle de cours B_B7 (DEG-00);DEG;34;38;4;CM;Contour de l'intervention;D.U CNC Mand judiciaire;non
2026-04-23;Salle de cours B_B7 (DEG-00);DEG;34;38;4;CM;Gestion fiscale/ partimoi;D.U CNC Mand judiciaire;non
2026-04-24;Salle de cours B_B7 (DEG-00);DEG;34;38;4;Autonomie;Entraînement epreuve de Droit;D.U CNC Mand judiciaire;non
2026-04-24;Salle de cours B_B7 (DEG-00);DEG;34;38;4;CM;Gestion fiscale/ partimoi;D.U CNC Mand judiciaire;non
2026-04-24;Salle de cours B_B7 (DEG-00);DEG;34;38;4;CM;Protection de la personne;D.U CNC Mand judiciaire;non
2026-04-29;Salle de cours C_C17 (DEG-01);DEG;40;44;4;Soutenance;Enquête de terrain;L3 AES Gestion des entrep;oui
2025-09-10;Salle de cours 229 (LET-01);LET;40;43;3;CM;APP;L1 Géo Aménagement;non
2025-09-10;Salle de cours 229 (LET-01);LET;40;43;3;CM;APP;L1 Géo Aménagement;non
2025-10-13;Salle de cours B_B4 (DEG-00);DEG;40;43;3;TD;TD Comptabilité;<L1 Economie et Gestion><Comptabilité>Groupe 4;non
2025-10-20;Salle de cours B_B4 (DEG-00);DEG;40;43;3;TD;TD Comptabilité;<L1 Economie et Gestion><Comptabilité>Groupe 4;non
2025-11-03;Salle de cours B_B4 (DEG-00);DEG;40;43;3;TD;TD Comptabilité;<L1 Economie et Gestion><Comptabilité>Groupe 4;non
2025-11-10;Salle de cours B_B4 (DEG-00);DEG;40;43;3;TD;TD Comptabilité;<L1 Economie et Gestion><Comptabilité>Groupe 4;non
2025-11-17;Salle de cours B_B4 (DEG-00);DEG;40;43;3;TD;TD Comptabilité;<L1 Economie et Gestion><Comptabilité>Groupe 4;non
2025-12-01;Salle de cours B_B4 (DEG-00);DEG;40;43;3;TD;TD Comptabilité;<L1 Economie et Gestion><Comptabilité>Groupe 4;non
2025-12-02;Salle de cours 11 (LET-00);LET;80;83;3;Contrôle Continu;Devoir Civilisation US;L2 LLCER - EA;oui
2025-12-08;Salle de cours B_B4 (DEG-00);DEG;40;43;3;TD;TD Comptabilité;<L1 Economie et Gestion><Comptabilité>Groupe 4;non
2026-01-14;Salle de cours B_B5 (DEG-00);DEG;36;39;3;CM;Energie innovation;M1 Commun Éco appliquée;non
2026-01-14;Salle de cours B_B5 (DEG-00);DEG;36;39;3;CM;Energie innovation;M1 Commun Éco appliquée;non
2026-01-26;Salle de cours 229 (LET-01);LET;40;43;3;CM;"Atelier ""Espaces vécus""";L1 Géo Aménagement;non
2026-01-26;Salle de cours 229 (LET-01);LET;40;43;3;TD;"Atelier ""Espaces vécus""";L1 Géo Aménagement;non
2026-02-02;Salle de cours 229 (LET-01);LET;40;43;3;CM;"Atelier ""Espaces vécus""";L1 Géo Aménagement;non
2026-02-02;Salle de cours 229 (LET-01);LET;40;43;3;TD;"Atelier ""Espaces vécus""";L1 Géo Aménagement;non
2026-02-04;Salle de cours C_C17 (DEG-01);DEG;40;43;3;TD;TD Microéconomie;<L1 Economie et Gestion><TD Microéconomie 1>Gp 3;non
2026-02-09;Salle de cours 229 (LET-01);LET;40;43;3;CM;"Atelier ""Espaces vécus""";L1 Géo Aménagement;non
2026-02-09;Salle de cours 229 (LET-01);LET;40;43;3;TD;"Atelier ""Espaces vécus""";L1 Géo Aménagement;non
2026-02-23;Salle de cours 229 (LET-01);LET;40;43;3;CM;"Atelier ""Espaces vécus""";L1 Géo Aménagement;non
2026-02-23;Salle de cours 229 (LET-01);LET;40;43;3;CM;"Atelier ""Espaces vécus""";L1 Géo Aménagement;non
2026-02-23;Salle de cours 229 (LET-01);LET;40;43;3;TD;"Atelier ""Espaces vécus""";L1 Géo Aménagement;non
2026-03-03;Salle de cours B_B207 (DEG-02);DEG;25;28;3;CM;Eval socio économique;M1 Commun Éco appliquée;non
2026-03-09;Salle de cours 229 (LET-01);LET;40;43;3;CM;"Atelier ""Espaces vécus""";L1 Géo Aménagement;non
2026-03-09;Salle de cours 229 (LET-01);LET;40;43;3;TD;"Atelier ""Espaces vécus""";L1 Géo Aménagement;non
2026-03-11;Salle de cours C_C17 (DEG-01);DEG;40;43;3;TD;TD Microéconomie;<L1 Economie et Gestion><TD Microéconomie 1>Gp 3;non
2026-03-16;Salle de cours 229 (LET-01);LET;40;43;3;CM;"Atelier ""Espaces vécus""";L1 Géo Aménagement;non
2026-03-16;Salle de cours 229 (LET-01);LET;40;43;3;TD;"Atelier ""Espaces vécus""";L1 Géo Aménagement;non
2026-03-18;Salle de cours C_C17 (DEG-01);DEG;40;43;3;TD;TD Microéconomie;<L1 Economie et Gestion><TD Microéconomie 1>Gp 3;non
2026-03-18;Salle de cours 223 (LET-01);LET;40;43;3;CM;UE7 EC2 Littté et musique;M1 Etudes hispaniques;non
2026-03-23;Salle de cours 229 (LET-01);LET;40;43;3;CM;"Atelier ""Espaces vécus""";L1 Géo Aménagement;non
2026-03-23;Salle de cours 229 (LET-01);LET;40;43;3;TD;"Atelier ""Espaces vécus""";L1 Géo Aménagement;non
2026-03-25;Salle de cours C_C17 (DEG-01);DEG;40;43;3;TD;TD Microéconomie;<L1 Economie et Gestion><TD Microéconomie 1>Gp 3;non
2026-03-30;Salle de cours 229 (LET-01);LET;40;43;3;CM Contrôle Continu;"Atelier ""Espaces vécus""";L1 Géo Aménagement;oui
2026-03-30;Salle de cours 229 (LET-01);LET;40;43;3;CM Contrôle Continu;"Atelier ""Espaces vécus""";L1 Géo Aménagement;oui
2026-04-20;Salle de cours 229 (LET-01);LET;40;43;3;TD;"Atelier ""Espaces vécus""";L1 Géo Aménagement;non
2026-04-27;Salle de cours 114 (LET-00);LET;48;51;3;Oral;1 Litté française et fr 4;L2 Lettres - CTD;oui
2026-04-27;Salle de cours 110 (LET-00);LET;48;51;3;Oral;1 Litté française et fr 4;L2 Lettres classiques;oui
2026-04-27;Salle de cours 229 (LET-01);LET;40;43;3;CM;"Atelier ""Espaces vécus""";L1 Géo Aménagement;non
2026-04-27;Salle de cours 229 (LET-01);LET;40;43;3;TD;"Atelier ""Espaces vécus""";L1 Géo Aménagement;non
2026-04-27;Salle de cours 114 (LET-00);LET;48;51;3;CM;1 Litté française et fr 4;L2 Lettres - CTD;non
2026-04-27;Salle de cours 110 (LET-00);LET;48;51;3;CM;1 Litté française et fr 4;L2 Lettres classiques;non
2026-04-27;Salle de cours 114 (LET-00);LET;48;51;3;TD;1 Litté française et fr 4;L2 Lettres - CTD;non
2026-04-27;Salle de cours 110 (LET-00);LET;48;51;3;TD;1 Litté française et fr 4;L2 Lettres classiques;non
2026-04-27;Salle de cours 114 (LET-00);LET;48;51;3;Oral;1 Litté française et fr 4;L2 Lettres - CTD;oui
2026-04-27;Salle de cours 110 (LET-00);LET;48;51;3;Oral;1 Litté française et fr 4;L2 Lettres classiques;oui
2026-04-28;Salle de cours 217 (LET-01);LET;24;27;3;Réunion;XXX-Entretiens_individuels;L2 Géo Aménagement;non
2025-09-17;Salle de cours 108 (LET-00);LET;30;32;2;Cours;1 Recherches numériques;M1 HCP - Arts archéo;non
2025-09-18;Salle de cours 204 (LET-01);LET;20;22;2;Cours;2 Collectivités territori;M1 Transitions env.;non
2025-09-24;Salle de cours 108 (LET-00);LET;30;32;2;Cours;1 Recherches numériques;M1 HCP - Arts archéo;non
2025-10-08;Salle de cours 101 (LET-00);LET;32;34;2;CM;UE13EC1 Edit & trans manuscrit;M2 Etudes hispaniques;non
2025-10-08;Salle de cours 217 (LET-01);LET;24;26;2;;Réservation de salles;L3 LLCER - EH - ER;non
2025-10-08;Salle de cours 108 (LET-00);LET;30;32;2;Cours;1 Recherches numériques;M1 HCP - Arts archéo;non
2025-10-15;Salle de cours 108 (LET-00);LET;30;32;2;Cours;1 Recherches numériques;M1 HCP - Arts archéo;non
2025-10-16;Salle de cours C_C15 (DEG-01);DEG;40;42;2;TD;TD Comptabilité 2;<L2 Economie Gestion><TD Comptabilité 2>Groupe 4;non
2025-10-21;Salle de cours 108 (LET-00);LET;30;32;2;Cours;Sources iconographiques;M1 HCP - Arts archéo;non
2025-10-23;Salle de cours C_C15 (DEG-01);DEG;40;42;2;TD;TD Comptabilité 2;<L2 Economie Gestion><TD Comptabilité 2>Groupe 4;non
2025-11-05;Salle de cours 108 (LET-00);LET;30;32;2;Cours;1 Recherches numériques;M1 HCP - Arts archéo;non
2025-11-06;Salle de cours C_C15 (DEG-01);DEG;40;42;2;TD;TD Comptabilité 2;<L2 Economie Gestion><TD Comptabilité 2>Groupe 4;non
2025-11-10;Salle de cours/informatique C_C02 (DEG-00);DEG;30;32;2;TD Contrôle Continu;TD Economie Bancaire;L3 Economie Gestion CMI;oui
2025-11-12;Salle de cours 101 (LET-00);LET;32;34;2;CM;UE13EC1 Edit & trans manuscrit;M2 Etudes hispaniques;non
2025-11-12;Salle de cours 108 (LET-00);LET;30;32;2;Cours;1 Recherches numériques;M1 HCP - Arts archéo;non
2025-11-13;Salle de cours C_C15 (DEG-01);DEG;40;42;2;TD;TD Comptabilité 2;<L2 Economie Gestion><TD Comptabilité 2>Groupe 4;non
2025-11-19;Salle de cours 108 (LET-00);LET;30;32;2;Cours;1 Recherches numériques;M1 HCP - Arts archéo;non
2025-11-26;Salle de cours 101 (LET-00);LET;32;34;2;CM;UE13EC1 Edit & trans manuscrit;M2 Etudes hispaniques;non
2025-12-04;Salle de cours C_C15 (DEG-01);DEG;40;42;2;TD;TD Comptabilité 2;<L2 Economie Gestion><TD Comptabilité 2>Groupe 4;non
2025-12-05;Salle de cours 204 (LET-01);LET;20;22;2;TD;2 Collecte analyse donnée;M1 Transitions env.;non
2025-12-11;Salle de cours C_C15 (DEG-01);DEG;40;42;2;TD;TD Comptabilité 2;<L2 Economie Gestion><TD Comptabilité 2>Groupe 4;non
2025-12-18;Salle de cours B_B3 (DEG-00);DEG;40;42;2;TD;TD Comptabilité 2;<L2 Economie Gestion><TD Comptabilité 2>Groupe 4;non
2026-03-04;Salle de cours 101 (LET-00);LET;32;34;2;CM;18 - Ges proj cult 2;L1 Lettres - CTD;non
2026-03-25;Salle de cours C_C14 (DEG-01);DEG;40;42;2;CM;Auto Admin Indépendantes;M1 Dt cont des libertés;non
2025-09-29;Salle de cours B_B4 (DEG-00);DEG;40;41;1;TD;TD Comptabilité;<L1 Economie et Gestion><Comptabilité>Groupe 4;non
2025-10-06;Salle de cours B_B4 (DEG-00);DEG;40;41;1;TD;TD Comptabilité;<L1 Economie et Gestion><Comptabilité>Groupe 4;non
2025-10-20;Salle de cours B_B211 (DEG-02);DEG;30;31;1;TD;Pbl contemp. dt pénal;M1 Police et Sécu inté;non
2025-10-24;Salle de cours 217 (LET-01);LET;24;25;1;;CCCE Géographie;M2 MEEF Histoire Géo;non
2025-12-05;Salle de cours 20 (LET-01);LET;45;46;1;TD;Mathématiques S5;L3 Histoire - ER;non
2026-01-07;Salle de cours 234bis (LET-01);LET;20;21;1;;Soutenance;M2 MEEF Histoire Géo;oui
2026-01-16;Salle de cours 234bis (LET-01);LET;20;21;1;;Soutenance;M2 MEEF Histoire Géo;oui
2026-01-16;Salle de cours 234bis (LET-01);LET;20;21;1;;Soutenance;M2 MEEF Histoire Géo;oui
2026-02-04;Salle de cours C_C15 (DEG-01);DEG;40;41;1;TD;TD Microéconomie appliquée;<L3 Economie Gestion><TD Microéconomie appliquée>GP 3;non
2026-02-23;Salle de cours B_B7 (DEG-00);DEG;34;35;1;TD;TD Statistiques descriptives;<L1 Economie et Gestion><TD statistiques descriptives>Gp 4;non
2026-02-26;Salle de cours B_B1 (DEG-00);DEG;100;101;1;;Dt internat & européen;Prépa concours CFPA;non
2026-02-26;Salle de cours B_B1 (DEG-00);DEG;100;101;1;;Dt internat & européen;Prépa concours CFPA;non
2026-03-04;Salle de cours B_B4 (DEG-00);DEG;40;41;1;TD;TD Fiscalité appli aux ets 2;<L3 AES Gestion des entrep><TD Fiscalité appli aux ets 2>Groupe 2;non
2026-03-18;Salle de cours B_B4 (DEG-00);DEG;40;41;1;TD;TD Fiscalité appli aux ets 2;<L3 AES Gestion des entrep><TD Fiscalité appli aux ets 2>Groupe 2;non
2026-03-18;Salle de cours C_C12 (DEG-01);DEG;34;35;1;TD;Séries temporelles 1;M1 Commun Éco appliquée;non
2026-03-18;Salle de cours C_C12 (DEG-01);DEG;34;35;1;TD;Séries temporelles 1;M1 Commun Éco appliquée;non
2026-03-19;Salle de cours 108 (LET-00);LET;30;31;1;CM;Conférence Rebillard;M2 LEA TTD;non
2026-03-25;Salle de cours C_C15 (DEG-01);DEG;40;41;1;TD;TD Fiscalité appli aux ets 2;<L3 AES Gestion des entrep><TD Fiscalité appli aux ets 2>Groupe 2;non
2026-04-01;Salle de cours C_C15 (DEG-01);DEG;40;41;1;TD;TD Fiscalité appli aux ets 2;<L3 AES Gestion des entrep><TD Fiscalité appli aux ets 2>Groupe 2;non
2026-04-21;Salle de cours B_B1 (DEG-00);DEG;100;101;1;CM;Epreuve 2 : Droit oblig;Prépa concours CFPA;non
2026-04-28;Salle de cours B_B1 (DEG-00);DEG;100;101;1;CM;Epreuve 2 : Droit oblig;Prépa concours CFPA;non
